dmu_id,Area,Productivity,Production,operation_category,operation,equipment,repetitions,total_area_worked,area_per_tonne,year,month,day
C1_2022,45.92,4.43,203.43,soil_operation,disk_harrow x3,disk_harrow,3,137.76,0.677,2022,4,6
C1_2022,45.92,4.43,203.43,soil_operation,fertiliser_integration,rotary_tiller,1,45.92,0.226,2022,4,28
C1_2022,45.92,4.43,203.43,soil_operation,levelling,laser_leveler,1,45.92,0.226,2022,4,28
C1_2022,45.92,4.43,203.43,harvest,colheita,combine_harvester,1,45.92,0.226,2022,10,11
C1_2022,45.92,4.43,203.43,basal_fertilisation,adubação fundo,centrifugal_spreader,1,45.92,0.226,2022,4,25
C1_2022,45.92,4.43,203.43,topdressing,adubação cobertura,centrifugal_spreader,1,45.92,0.226,2022,5,7
C1_2022,45.92,4.43,203.43,topdressing,adubação cobertura,centrifugal_spreader,1,45.92,0.226,2022,7,20
C1_2022,15.48,4.49,69.55,crop_protection,fungicide,sprayer,1,15.48,0.223,2022,5,25
C1_2022,1.50,3.48,5.22,crop_protection,fungicide,sprayer,1,1.50,0.287,2022,5,25
C1_2022,18.30,4.44,81.22,crop_protection,fungicide,sprayer,1,18.30,0.225,2022,5,25
C1_2022,1.60,3.16,5.06,crop_protection,fungicide,sprayer,1,1.60,0.316,2022,5,25
C1_2022,4.30,5.18,22.26,crop_protection,fungicide,sprayer,1,4.30,0.193,2022,5,25
C1_2022,15.48,4.49,69.55,crop_protection,herbicide,sprayer,1,15.48,0.223,2022,5,25
C1_2022,15.48,4.49,69.55,crop_protection,herbicide,sprayer,1,15.48,0.223,2022,5,25
C1_2022,15.48,4.49,69.55,crop_protection,herbicide,sprayer,1,15.48,0.223,2022,5,25
C1_2022,15.48,4.49,69.55,crop_protection,herbicide,sprayer,1,15.48,0.223,2022,5,25
C1_2022,1.50,3.48,5.22,crop_protection,herbicide,sprayer,1,1.50,0.287,2022,5,25
C1_2022,1.50,3.48,5.22,crop_protection,herbicide,sprayer,1,1.50,0.287,2022,5,25
C1_2022,1.50,3.48,5.22,crop_protection,herbicide,sprayer,1,1.50,0.287,2022,5,25
C1_2022,18.30,4.44,81.22,crop_protection,herbicide,sprayer,1,18.30,0.225,2022,5,25
C1_2022,18.30,4.44,81.22,crop_protection,herbicide,sprayer,1,18.30,0.225,2022,5,25
C1_2022,18.30,4.44,81.22,crop_protection,herbicide,sprayer,1,18.30,0.225,2022,5,25
C1_2022,18.30,4.44,81.22,crop_protection,herbicide,sprayer,1,18.30,0.225,2022,5,25
C1_2022,1.60,3.16,5.06,crop_protection,herbicide,sprayer,1,1.60,0.316,2022,5,25
C1_2022,1.60,3.16,5.06,crop_protection,herbicide,sprayer,1,1.60,0.316,2022,5,25
C1_2022,1.60,3.16,5.06,crop_protection,herbicide,sprayer,1,1.60,0.316,2022,5,25
C1_2022,4.30,5.18,22.26,crop_protection,herbicide,sprayer,1,4.30,0.193,2022,5,25
C1_2022,4.30,5.18,22.26,crop_protection,herbicide,sprayer,1,4.30,0.193,2022,5,25
C1_2022,4.74,4.29,20.35,crop_protection,herbicide,sprayer,1,4.74,0.233,2022,6,6
C1_2022,15.48,4.49,69.55,crop_protection,pesticide,sprayer,1,15.48,0.223,2022,6,30
C1_2022,18.30,4.44,81.22,crop_protection,pesticide,sprayer,1,18.30,0.225,2022,6,30
C1_2022,4.30,5.18,22.26,crop_protection,pesticide,sprayer,1,4.30,0.193,2022,6,30
C1_2022,15.48,4.49,69.55,sowing,sementeira,centrifugal_spreader,1,15.48,0.223,2022,5,24
C1_2022,1.50,3.48,5.22,sowing,sementeira,centrifugal_spreader,1,1.50,0.287,2022,5,24
C1_2022,18.30,4.44,81.22,sowing,sementeira,centrifugal_spreader,1,18.30,0.225,2022,5,24
C1_2022,1.60,3.16,5.06,sowing,sementeira,centrifugal_spreader,1,1.60,0.316,2022,5,24
C1_2022,4.30,5.18,22.26,sowing,sementeira,centrifugal_spreader,1,4.30,0.193,2022,5,24
C1_2022,4.74,4.29,20.35,sowing,sementeira,centrifugal_spreader,1,4.74,0.233,2022,5,24
C1_2023,45.51,4.54,206.62,soil_operation,disk_harrow x3,disk_harrow,3,136.53,0.661,2023,5,1
C1_2023,45.51,4.54,206.62,soil_operation,fertiliser_integration,rotary_tiller,1,45.51,0.220,2023,5,15
C1_2023,45.51,4.54,206.62,soil_operation,levelling,laser_leveler,1,45.51,0.220,2023,8,5
C1_2023,45.51,4.54,206.62,harvest,colheita,combine_harvester,1,45.51,0.220,2023,10,12
C1_2023,45.51,4.54,206.62,basal_fertilisation,adubação fundo,centrifugal_spreader,1,45.51,0.220,2023,5,15
C1_2023,45.51,4.54,206.62,topdressing,adubação cobertura,centrifugal_spreader,1,45.51,0.220,2023,7,25
C1_2023,28.40,4.37,124.22,crop_protection,herbicide,sprayer,1,28.40,0.229,2023,5,7
C1_2023,4.01,2.16,8.66,crop_protection,herbicide,sprayer,1,4.01,0.463,2023,5,7
C1_2023,4.10,5.03,20.63,crop_protection,herbicide,sprayer,1,4.10,0.199,2023,5,7
C1_2023,9.00,5.90,53.08,crop_protection,herbicide,sprayer,1,9.00,0.170,2023,5,7
C1_2023,28.40,4.37,124.22,crop_protection,herbicide,sprayer,1,28.40,0.229,2023,5,31
C1_2023,4.01,2.16,8.66,crop_protection,herbicide,sprayer,1,4.01,0.463,2023,5,31
C1_2023,9.00,5.90,53.08,crop_protection,herbicide,sprayer,1,9.00,0.170,2023,5,31
C1_2023,28.40,4.37,124.22,crop_protection,herbicide,sprayer,1,28.40,0.229,2023,5,31
C1_2023,4.01,2.16,8.66,crop_protection,herbicide,sprayer,1,4.01,0.463,2023,5,31
C1_2023,9.00,5.90,53.08,crop_protection,herbicide,sprayer,1,9.00,0.170,2023,5,31
C1_2023,28.40,4.37,124.22,crop_protection,herbicide,sprayer,1,28.40,0.229,2023,5,31
C1_2023,4.01,2.16,8.66,crop_protection,herbicide,sprayer,1,4.01,0.463,2023,5,31
C1_2023,9.00,5.90,53.08,crop_protection,herbicide,sprayer,1,9.00,0.170,2023,5,31
C1_2023,28.40,4.37,124.22,crop_protection,herbicide,sprayer,1,28.40,0.229,2023,5,31
C1_2023,9.00,5.90,53.08,crop_protection,herbicide,sprayer,1,9.00,0.170,2023,5,31
C1_2023,9.00,5.90,53.08,crop_protection,herbicide,sprayer,1,9.00,0.170,2023,5,31
C1_2023,4.10,5.03,20.63,crop_protection,herbicide,sprayer,1,4.10,0.199,2023,6,6
C1_2023,4.10,5.03,20.63,crop_protection,herbicide,sprayer,1,4.10,0.199,2023,6,6
C1_2023,4.10,5.03,20.63,crop_protection,herbicide,sprayer,1,4.10,0.199,2023,6,20
C1_2023,4.10,5.03,20.63,crop_protection,herbicide,sprayer,1,4.10,0.199,2023,6,20
C1_2023,28.40,4.37,124.22,crop_protection,pesticide,sprayer,1,28.40,0.229,2023,8,4
C1_2023,28.40,4.00,113.60,sowing,sementeira,centrifugal_spreader,1,28.40,0.250,2023,5,25
C1_2023,4.01,2.16,8.66,sowing,sementeira,centrifugal_spreader,1,4.01,0.463,2023,5,25
C1_2023,4.10,5.00,20.50,sowing,sementeira,centrifugal_spreader,1,4.10,0.200,2023,5,25
C1_2023,9.00,6.00,54.00,sowing,sementeira,centrifugal_spreader,1,9.00,0.167,2023,5,25
C1_2024,45.51,4.78,217.54,soil_operation,disk_harrow x3,disk_harrow,3,136.53,0.628,2024,5,1
C1_2024,45.51,4.78,217.54,soil_operation,disk_harrow x3,disk_harrow,3,136.53,0.628,2024,5,12
C1_2024,45.51,4.78,217.54,soil_operation,fertiliser_integration,rotary_tiller,1,45.51,0.209,2024,5,15
C1_2024,45.51,4.78,217.54,soil_operation,levelling,laser_leveler,1,45.51,0.209,2024,8,5
C1_2024,45.51,4.78,217.54,harvest,colheita,combine_harvester,1,45.51,0.209,2024,10,30
C1_2024,45.51,4.78,217.54,basal_fertilisation,adubação fundo,centrifugal_spreader,1,45.51,0.209,2024,5,15
C1_2024,45.51,4.78,217.54,topdressing,adubação cobertura,centrifugal_spreader,1,45.51,0.209,2024,7,25
C1_2024,14.21,1.57,22.27,crop_protection,herbicide,sprayer,1,14.21,0.638,2024,5,31
C1_2024,8.42,1.46,12.29,crop_protection,herbicide,sprayer,1,8.42,0.685,2024,5,31
C1_2024,14.21,1.57,22.27,crop_protection,herbicide,sprayer,1,14.21,0.638,2024,5,31
C1_2024,8.42,1.46,12.29,crop_protection,herbicide,sprayer,1,8.42,0.685,2024,5,31
C1_2024,6.31,5.77,36.42,crop_protection,herbicide,sprayer,1,6.31,0.173,2024,5,31
C1_2024,11.84,8.92,105.62,crop_protection,herbicide,sprayer,1,11.84,0.112,2024,5,31
C1_2024,4.73,8.64,40.89,crop_protection,herbicide,sprayer,1,4.73,0.116,2024,5,31
C1_2024,6.31,5.77,36.42,crop_protection,herbicide,sprayer,1,6.31,0.173,2024,5,31
C1_2024,11.84,8.92,105.62,crop_protection,herbicide,sprayer,1,11.84,0.112,2024,5,31
C1_2024,4.73,8.64,40.89,crop_protection,herbicide,sprayer,1,4.73,0.116,2024,5,31
C1_2024,6.31,5.77,36.42,crop_protection,herbicide,sprayer,1,6.31,0.173,2024,6,6
C1_2024,11.84,8.92,105.62,crop_protection,herbicide,sprayer,1,11.84,0.112,2024,6,6
C1_2024,4.73,8.64,40.89,crop_protection,herbicide,sprayer,1,4.73,0.116,2024,6,6
C1_2024,6.31,5.77,36.42,crop_protection,herbicide,sprayer,1,6.31,0.173,2024,6,6
C1_2024,11.84,8.92,105.62,crop_protection,herbicide,sprayer,1,11.84,0.112,2024,6,6
C1_2024,4.73,8.64,40.89,crop_protection,herbicide,sprayer,1,4.73,0.116,2024,6,6
C1_2024,6.31,5.77,36.42,crop_protection,herbicide,sprayer,1,6.31,0.173,2024,6,6
C1_2024,11.84,8.92,105.62,crop_protection,herbicide,sprayer,1,11.84,0.112,2024,6,6
C1_2024,4.73,8.64,40.89,crop_protection,herbicide,sprayer,1,4.73,0.116,2024,6,6
C1_2024,6.31,5.77,36.42,crop_protection,herbicide,sprayer,1,6.31,0.173,2024,6,20
C1_2024,11.84,8.92,105.62,crop_protection,herbicide,sprayer,1,11.84,0.112,2024,6,20
C1_2024,4.73,8.64,40.89,crop_protection,herbicide,sprayer,1,4.73,0.116,2024,6,20
C1_2024,6.31,5.77,36.42,crop_protection,herbicide,sprayer,1,6.31,0.173,2024,6,20
C1_2024,11.84,8.92,105.62,crop_protection,herbicide,sprayer,1,11.84,0.112,2024,6,20
C1_2024,4.73,8.64,40.89,crop_protection,herbicide,sprayer,1,4.73,0.116,2024,6,20
C1_2024,6.31,5.77,36.42,crop_protection,herbicide,sprayer,1,6.31,0.173,2024,6,20
C1_2024,11.84,8.92,105.62,crop_protection,herbicide,sprayer,1,11.84,0.112,2024,6,20
C1_2024,4.73,8.64,40.89,crop_protection,herbicide,sprayer,1,4.73,0.116,2024,6,20
C1_2024,14.21,1.57,22.27,crop_protection,fungicide,sprayer,1,14.21,0.638,2024,7,2
C1_2024,6.31,6.00,37.86,sowing,sementeira,centrifugal_spreader,1,6.31,0.167,2024,5,25
C1_2024,14.21,2.00,28.42,sowing,sementeira,centrifugal_spreader,1,14.21,0.500,2024,5,25
C1_2024,8.42,1.46,12.29,sowing,sementeira,centrifugal_spreader,1,8.42,0.685,2024,5,25
C1_2024,11.84,9.00,106.56,sowing,sementeira,centrifugal_spreader,1,11.84,0.111,2024,5,25
C1_2024,4.73,9.00,42.57,sowing,sementeira,centrifugal_spreader,1,4.73,0.111,2024,5,25
C2_2022,111.38,6.91,769.64,soil_operation,scarifier,disk_harrow,1,111.38,0.145,2022,4,15
C2_2022,111.38,6.91,769.64,soil_operation,scarifier,disk_harrow,1,111.38,0.145,2022,4,20
C2_2022,111.38,6.91,769.64,soil_operation,levelling,laser_leveler,1,111.38,0.145,2022,4,28
C2_2022,111.38,6.91,769.64,soil_operation,fertiliser_integration,rotary_tiller,1,111.38,0.145,2022,5,10
C2_2022,111.38,6.91,769.64,harvest,colheita,combine_harvester,1,111.38,0.145,2022,5,11
C2_2022,111.38,6.91,769.64,basal_fertilisation,adubação fundo,centrifugal_spreader,1,111.38,0.145,2022,5,10
C2_2022,111.38,6.91,769.64,topdressing,adubação cobertura,centrifugal_spreader,1,111.38,0.145,2022,6,25
C2_2022,34.06,5.46,185.97,crop_protection,herbicide,sprayer,1,34.06,0.183,2022,4,5
C2_2022,75.37,7.70,580.35,crop_protection,herbicide,sprayer,1,75.37,0.130,2022,4,5
C2_2022,1.95,5.93,11.56,crop_protection,herbicide,sprayer,1,1.95,0.169,2022,4,5
C2_2022,34.06,5.46,185.97,crop_protection,herbicide,sprayer,1,34.06,0.183,2022,6,5
C2_2022,75.37,7.70,580.35,crop_protection,herbicide,sprayer,1,75.37,0.130,2022,6,5
C2_2022,1.95,5.93,11.56,crop_protection,herbicide,sprayer,1,1.95,0.169,2022,6,5
C2_2022,34.06,5.46,185.97,crop_protection,herbicide,sprayer,1,34.06,0.183,2022,6,5
C2_2022,75.37,7.70,580.35,crop_protection,herbicide,sprayer,1,75.37,0.130,2022,6,5
C2_2022,1.95,5.93,11.56,crop_protection,herbicide,sprayer,1,1.95,0.169,2022,6,5
C2_2022,34.06,5.46,185.97,crop_protection,herbicide,sprayer,1,34.06,0.183,2022,6,5
C2_2022,75.37,7.70,580.35,crop_protection,herbicide,sprayer,1,75.37,0.130,2022,6,5
C2_2022,1.95,5.93,11.56,crop_protection,herbicide,sprayer,1,1.95,0.169,2022,6,5
C2_2022,5.00,7.70,38.50,crop_protection,herbicide,sprayer,1,5.00,0.130,2022,6,5
C2_2022,20.00,7.70,154.00,crop_protection,pesticide,sprayer,1,20.00,0.130,2022,6,28
C2_2022,34.06,5.46,185.97,sowing,sementeira,centrifugal_spreader,1,34.06,0.183,2022,5,20
C2_2022,75.37,7.70,580.35,sowing,sementeira,centrifugal_spreader,1,75.37,0.130,2022,5,20
C2_2022,1.95,5.93,11.56,sowing,sementeira,centrifugal_spreader,1,1.95,0.169,2022,5,20
C2_2023,115.21,8.71,"1,003.48",soil_operation,disk_harrow x3,disk_harrow,3,345.63,0.344,2023,5,10
C2_2023,115.21,8.71,"1,003.48",soil_operation,fertiliser_integration,rotary_tiller,1,115.21,0.115,2023,5,15
C2_2023,115.21,8.71,"1,003.48",soil_operation,levelling,laser_leveler,1,115.21,0.115,2023,8,5
C2_2023,115.21,8.71,"1,003.48",harvest,colheita,combine_harvester,1,115.21,0.115,2023,10,31
C2_2023,115.21,8.71,"1,003.48",basal_fertilisation,adubação fundo,centrifugal_spreader,1,115.21,0.115,2023,5,15
C2_2023,115.21,8.71,"1,003.48",topdressing,adubação cobertura,centrifugal_spreader,1,45.50,0.045,2023,7,20
C2_2023,115.21,8.71,"1,003.48",topdressing,adubação cobertura,centrifugal_spreader,1,31.49,0.031,2023,7,20
C2_2023,115.21,8.71,"1,003.48",topdressing,adubação cobertura,centrifugal_spreader,1,36.00,0.036,2023,7,20
C2_2023,45.50,13.83,629.13,crop_protection,herbicide,sprayer,1,45.50,0.072,2023,5,15
C2_2023,28.00,13.83,387.16,crop_protection,herbicide,sprayer,1,28.00,0.072,2023,6,12
C2_2023,45.50,13.83,629.13,crop_protection,herbicide,sprayer,1,45.50,0.072,2023,6,12
C2_2023,45.50,13.83,629.13,crop_protection,herbicide,sprayer,1,45.50,0.072,2023,6,12
C2_2023,2.22,6.08,13.49,crop_protection,herbicide,sprayer,1,2.22,0.165,2023,6,16
C2_2023,45.50,13.83,629.13,crop_protection,herbicide,sprayer,1,45.50,0.072,2023,6,16
C2_2023,67.49,5.34,360.53,crop_protection,herbicide,sprayer,1,67.49,0.187,2023,6,16
C2_2023,2.22,6.08,13.49,crop_protection,herbicide,sprayer,1,2.22,0.165,2023,6,16
C2_2023,45.50,13.83,629.13,crop_protection,herbicide,sprayer,1,45.50,0.072,2023,6,16
C2_2023,67.49,5.34,360.53,crop_protection,herbicide,sprayer,1,67.49,0.187,2023,6,16
C2_2023,2.22,6.08,13.49,crop_protection,herbicide,sprayer,1,2.22,0.165,2023,6,16
C2_2023,45.50,13.83,629.13,crop_protection,herbicide,sprayer,1,45.50,0.072,2023,6,16
C2_2023,67.49,5.34,360.53,crop_protection,herbicide,sprayer,1,67.49,0.187,2023,6,16
C2_2023,67.49,5.34,360.53,crop_protection,pesticide,sprayer,1,67.49,0.187,2023,8,12
C2_2023,2.22,6.08,13.50,sowing,sementeira,centrifugal_spreader,1,2.22,0.164,2023,6,6
C2_2023,45.50,13.83,629.27,sowing,sementeira,centrifugal_spreader,1,45.50,0.072,2023,6,6
C2_2023,67.49,5.34,360.40,sowing,sementeira,centrifugal_spreader,1,67.49,0.187,2023,6,6
C2_2024,120.72,7.39,892.12,soil_operation,disk_harrow x3,disk_harrow,3,362.16,0.406,2024,5,10
C2_2024,120.72,7.39,892.12,soil_operation,fertiliser_integration,rotary_tiller,1,120.72,0.135,2024,5,15
C2_2024,120.72,7.39,892.12,soil_operation,levelling,laser_leveler,1,120.72,0.135,2024,8,5
C2_2024,120.72,7.39,892.12,harvest,colheita,combine_harvester,1,120.72,0.135,2024,9,30
C2_2024,120.72,7.39,892.12,basal_fertilisation,adubação fundo,centrifugal_spreader,1,84.00,0.094,2024,5,15
C2_2024,120.72,7.39,892.12,basal_fertilisation,adubação fundo,centrifugal_spreader,1,36.72,0.041,2024,5,15
C2_2024,120.72,7.39,892.12,topdressing,adubação cobertura,centrifugal_spreader,1,14.00,0.016,2024,7,20
C2_2024,120.72,7.39,892.12,topdressing,adubação cobertura,centrifugal_spreader,1,120.00,0.135,2024,7,20
C2_2024,15.62,7.39,115.43,crop_protection,herbicide,sprayer,1,15.62,0.135,2024,6,12
C2_2024,4.40,7.39,32.52,crop_protection,herbicide,sprayer,1,4.40,0.135,2024,6,12
C2_2024,90.70,7.39,670.27,crop_protection,herbicide,sprayer,1,90.70,0.135,2024,6,12
C2_2024,2.50,7.39,18.48,crop_protection,herbicide,sprayer,1,2.50,0.135,2024,6,12
C2_2024,15.62,7.39,115.43,crop_protection,herbicide,sprayer,1,15.62,0.135,2024,6,12
C2_2024,4.40,7.39,32.52,crop_protection,herbicide,sprayer,1,4.40,0.135,2024,6,12
C2_2024,90.70,7.39,670.27,crop_protection,herbicide,sprayer,1,90.70,0.135,2024,6,12
C2_2024,2.50,7.39,18.48,crop_protection,herbicide,sprayer,1,2.50,0.135,2024,6,12
C2_2024,15.62,7.39,115.43,crop_protection,herbicide,sprayer,1,15.62,0.135,2024,6,12
C2_2024,4.40,7.39,32.52,crop_protection,herbicide,sprayer,1,4.40,0.135,2024,6,12
C2_2024,90.70,7.39,670.27,crop_protection,herbicide,sprayer,1,90.70,0.135,2024,6,12
C2_2024,2.50,7.39,18.48,crop_protection,herbicide,sprayer,1,2.50,0.135,2024,6,12
C2_2024,7.50,7.39,55.43,crop_protection,herbicide,sprayer,1,7.50,0.135,2024,6,16
C2_2024,7.50,7.39,55.43,crop_protection,herbicide,sprayer,1,7.50,0.135,2024,6,16
C2_2024,7.50,7.39,55.43,crop_protection,herbicide,sprayer,1,7.50,0.135,2024,6,16
C2_2024,7.50,7.39,55.43,crop_protection,herbicide,sprayer,1,7.50,0.135,2024,7,3
C2_2024,7.50,7.39,55.43,crop_protection,herbicide,sprayer,1,7.50,0.135,2024,7,3
C2_2024,7.50,7.39,55.43,crop_protection,herbicide,sprayer,1,7.50,0.135,2024,7,3
C2_2024,7.50,7.39,55.43,sowing,sementeira,centrifugal_spreader,1,7.50,0.135,2024,6,6
C2_2024,15.62,7.39,115.43,sowing,sementeira,centrifugal_spreader,1,15.62,0.135,2024,6,6
C2_2024,4.40,7.39,32.52,sowing,sementeira,centrifugal_spreader,1,4.40,0.135,2024,6,6
C2_2024,90.70,7.39,670.27,sowing,sementeira,centrifugal_spreader,1,90.70,0.135,2024,6,6
C2_2024,2.50,7.39,18.48,sowing,sementeira,centrifugal_spreader,1,2.50,0.135,2024,6,6
C3_2022,114.54,4.77,546.36,soil_operation,disk_harrow x3,disk_harrow,3,343.62,0.629,2022,5,5
C3_2022,114.54,4.77,546.36,soil_operation,levelling,laser_leveler,1,114.54,0.210,2022,5,17
C3_2022,114.54,4.77,546.36,soil_operation,fertiliser_integration,rotary_tiller,1,114.54,0.210,2022,5,24
C3_2022,114.54,4.77,546.36,harvest,colheita,combine_harvester,1,114.54,0.210,2022,9,11
C3_2022,114.54,4.77,546.36,basal_fertilisation,adubação fundo,centrifugal_spreader,1,114.54,0.210,2022,5,24
C3_2022,114.54,4.77,546.36,topdressing,adubação cobertura,centrifugal_spreader,1,114.54,0.210,2022,7,10
C3_2022,114.54,4.77,546.36,topdressing,adubação cobertura,centrifugal_spreader,1,114.54,0.210,2022,7,25
C3_2022,26.31,4.99,131.29,crop_protection,herbicide,sprayer,1,26.31,0.200,2022,6,15
C3_2022,36.57,2.36,86.31,crop_protection,herbicide,sprayer,1,36.57,0.424,2022,6,15
C3_2022,27.89,6.36,177.38,crop_protection,herbicide,sprayer,1,27.89,0.157,2022,6,15
C3_2022,23.77,4.26,101.26,crop_protection,herbicide,sprayer,1,23.77,0.235,2022,6,15
C3_2022,26.31,4.99,131.29,crop_protection,herbicide,sprayer,1,26.31,0.200,2022,6,15
C3_2022,36.57,2.36,86.31,crop_protection,herbicide,sprayer,1,36.57,0.424,2022,6,15
C3_2022,27.89,6.36,177.38,crop_protection,herbicide,sprayer,1,27.89,0.157,2022,6,15
C3_2022,23.77,4.26,101.26,crop_protection,herbicide,sprayer,1,23.77,0.235,2022,6,15
C3_2022,26.31,4.99,131.29,crop_protection,herbicide,sprayer,1,26.31,0.200,2022,6,15
C3_2022,36.57,2.36,86.31,crop_protection,herbicide,sprayer,1,36.57,0.424,2022,6,15
C3_2022,27.89,6.36,177.38,crop_protection,herbicide,sprayer,1,27.89,0.157,2022,6,15
C3_2022,23.77,4.26,101.26,crop_protection,herbicide,sprayer,1,23.77,0.235,2022,6,15
C3_2022,4.60,4.99,22.95,crop_protection,herbicide,sprayer,1,4.60,0.200,2022,6,22
C3_2022,6.40,2.36,15.10,crop_protection,herbicide,sprayer,1,6.40,0.424,2022,6,22
C3_2022,4.90,6.36,31.16,crop_protection,herbicide,sprayer,1,4.90,0.157,2022,6,22
C3_2022,4.10,4.26,17.47,crop_protection,herbicide,sprayer,1,4.10,0.235,2022,6,22
C3_2022,1.80,4.99,8.98,crop_protection,herbicide,sprayer,1,1.80,0.200,2022,6,22
C3_2022,2.60,2.36,6.14,crop_protection,herbicide,sprayer,1,2.60,0.424,2022,6,22
C3_2022,1.90,6.36,12.08,crop_protection,herbicide,sprayer,1,1.90,0.157,2022,6,22
C3_2022,1.70,4.26,7.24,crop_protection,herbicide,sprayer,1,1.70,0.235,2022,6,22
C3_2022,6.90,4.99,34.43,crop_protection,herbicide,sprayer,1,6.90,0.200,2022,7,1
C3_2022,9.60,2.36,22.66,crop_protection,herbicide,sprayer,1,9.60,0.424,2022,7,1
C3_2022,7.30,6.36,46.43,crop_protection,herbicide,sprayer,1,7.30,0.157,2022,7,1
C3_2022,6.20,4.26,26.41,crop_protection,herbicide,sprayer,1,6.20,0.235,2022,7,1
C3_2022,26.31,4.99,131.29,crop_protection,herbicide,sprayer,1,26.31,0.200,2022,7,1
C3_2022,36.57,2.36,86.31,crop_protection,herbicide,sprayer,1,36.57,0.424,2022,7,1
C3_2022,27.89,6.36,177.38,crop_protection,herbicide,sprayer,1,27.89,0.157,2022,7,1
C3_2022,23.77,4.26,101.26,crop_protection,herbicide,sprayer,1,23.77,0.235,2022,7,1
C3_2022,26.31,4.99,131.29,sowing,sementeira,centrifugal_spreader,1,26.31,0.200,2022,5,28
C3_2022,36.57,2.36,86.31,sowing,sementeira,centrifugal_spreader,1,36.57,0.424,2022,5,28
C3_2022,27.89,6.36,177.38,sowing,sementeira,centrifugal_spreader,1,27.89,0.157,2022,5,28
C3_2022,23.77,4.26,101.26,sowing,sementeira,centrifugal_spreader,1,23.77,0.235,2022,5,28
C3_2023,112.23,5.94,666.65,soil_operation,disk_harrow x3,disk_harrow,3,336.69,0.505,2023,5,10
C3_2023,112.23,5.94,666.65,soil_operation,fertiliser_integration,rotary_tiller,1,112.23,0.168,2023,5,15
C3_2023,112.23,5.94,666.65,soil_operation,levelling,laser_leveler,1,112.23,0.168,2023,8,5
C3_2023,112.23,5.94,666.65,harvest,colheita,combine_harvester,1,112.23,0.168,2024,10,30
C3_2023,112.23,5.94,666.65,basal_fertilisation,adubação fundo,centrifugal_spreader,1,93.60,0.140,2023,5,15
C3_2023,112.23,5.94,666.65,basal_fertilisation,adubação fundo,centrifugal_spreader,1,18.63,0.028,2023,5,15
C3_2023,112.23,5.94,666.65,topdressing,adubação cobertura,centrifugal_spreader,1,112.23,0.168,2023,7,20
C3_2023,4.50,4.07,18.32,crop_protection,herbicide,sprayer,1,4.50,0.246,2023,6,12
C3_2023,4.50,3.88,17.46,crop_protection,herbicide,sprayer,1,4.50,0.258,2023,6,12
C3_2023,38.96,4.07,158.65,crop_protection,herbicide,sprayer,1,38.96,0.246,2023,6,12
C3_2023,38.89,3.88,150.93,crop_protection,herbicide,sprayer,1,38.89,0.258,2023,6,12
C3_2023,34.38,9.61,330.36,crop_protection,herbicide,sprayer,1,34.38,0.104,2023,6,12
C3_2023,38.96,4.07,158.65,crop_protection,herbicide,sprayer,1,38.96,0.246,2023,6,12
C3_2023,38.89,3.88,150.93,crop_protection,herbicide,sprayer,1,38.89,0.258,2023,6,12
C3_2023,34.38,9.61,330.36,crop_protection,herbicide,sprayer,1,34.38,0.104,2023,6,12
C3_2023,38.96,4.07,158.65,crop_protection,herbicide,sprayer,1,38.96,0.246,2023,6,16
C3_2023,38.89,3.88,150.93,crop_protection,herbicide,sprayer,1,38.89,0.258,2023,6,16
C3_2023,34.38,9.61,330.36,crop_protection,herbicide,sprayer,1,34.38,0.104,2023,6,16
C3_2023,38.96,4.07,158.65,crop_protection,herbicide,sprayer,1,38.96,0.246,2023,6,16
C3_2023,38.89,3.88,150.93,crop_protection,herbicide,sprayer,1,38.89,0.258,2023,6,16
C3_2023,34.38,9.61,330.36,crop_protection,herbicide,sprayer,1,34.38,0.104,2023,6,16
C3_2023,38.96,4.07,158.65,crop_protection,herbicide,sprayer,1,38.96,0.246,2023,6,16
C3_2023,38.89,3.88,150.93,crop_protection,herbicide,sprayer,1,38.89,0.258,2023,6,16
C3_2023,34.38,9.61,330.36,crop_protection,herbicide,sprayer,1,34.38,0.104,2023,6,16
C3_2023,38.96,4.07,158.65,crop_protection,pesticide,sprayer,1,38.96,0.246,2023,8,1
C3_2023,34.38,9.61,330.39,sowing,sementeira,centrifugal_spreader,1,34.38,0.104,2023,6,6
C3_2023,38.89,3.88,150.89,sowing,sementeira,centrifugal_spreader,1,38.89,0.258,2023,6,6
C3_2023,38.96,4.07,158.57,sowing,sementeira,centrifugal_spreader,1,38.96,0.246,2023,6,6
C3_2024,112.23,5.77,647.57,soil_operation,disk_harrow x3,disk_harrow,3,336.69,0.520,2024,5,10
C3_2024,112.23,5.77,647.57,soil_operation,fertiliser_integration,rotary_tiller,1,112.23,0.173,2024,5,15
C3_2024,112.23,5.77,647.57,soil_operation,levelling,laser_leveler,1,112.23,0.173,2024,8,5
C3_2024,112.23,5.77,647.57,harvest,colheita,combine_harvester,1,112.23,0.173,2024,10,30
C3_2024,112.23,5.77,647.57,basal_fertilisation,adubação fundo,centrifugal_spreader,1,25.00,0.039,2024,5,15
C3_2024,112.23,5.77,647.57,basal_fertilisation,adubação fundo,centrifugal_spreader,1,87.23,0.135,2024,5,15
C3_2024,112.23,5.77,647.57,topdressing,adubação cobertura,centrifugal_spreader,1,112.23,0.173,2024,7,20
C3_2024,20.00,3.81,76.28,crop_protection,herbicide,sprayer,1,20.00,0.262,2024,6,12
C3_2024,39.21,4.54,178.05,crop_protection,herbicide,sprayer,1,39.21,0.220,2024,6,12
C3_2024,5.52,7.90,43.62,crop_protection,herbicide,sprayer,1,5.52,0.127,2024,6,12
C3_2024,23.77,2.73,64.87,crop_protection,herbicide,sprayer,1,23.77,0.366,2024,6,12
C3_2024,20.00,3.81,76.28,crop_protection,herbicide,sprayer,1,20.00,0.262,2024,6,12
C3_2024,39.21,4.54,178.05,crop_protection,herbicide,sprayer,1,39.21,0.220,2024,6,12
C3_2024,5.52,7.90,43.62,crop_protection,herbicide,sprayer,1,5.52,0.127,2024,6,12
C3_2024,23.77,2.73,64.87,crop_protection,herbicide,sprayer,1,23.77,0.366,2024,6,12
C3_2024,20.00,3.81,76.28,crop_protection,herbicide,sprayer,1,20.00,0.262,2024,6,12
C3_2024,39.21,4.54,178.05,crop_protection,herbicide,sprayer,1,39.21,0.220,2024,6,12
C3_2024,5.52,7.90,43.62,crop_protection,herbicide,sprayer,1,5.52,0.127,2024,6,12
C3_2024,23.77,2.73,64.87,crop_protection,herbicide,sprayer,1,23.77,0.366,2024,6,12
C3_2024,23.70,8.96,212.33,crop_protection,herbicide,sprayer,1,23.70,0.112,2024,6,16
C3_2024,23.70,8.96,212.33,crop_protection,herbicide,sprayer,1,23.70,0.112,2024,6,16
C3_2024,23.70,8.96,212.33,crop_protection,herbicide,sprayer,1,23.70,0.112,2024,6,16
C3_2024,23.70,8.96,212.33,crop_protection,herbicide,sprayer,1,23.70,0.112,2024,7,3
C3_2024,23.70,8.96,212.33,crop_protection,herbicide,sprayer,1,23.70,0.112,2024,7,3
C3_2024,23.70,8.96,212.33,crop_protection,herbicide,sprayer,1,23.70,0.112,2024,7,3
C3_2024,20.00,3.81,76.28,crop_protection,fungicide,sprayer,1,20.00,0.262,2024,8,10
C3_2024,20.00,3.81,76.20,sowing,sementeira,centrifugal_spreader,1,20.00,0.262,2024,6,6
C3_2024,39.21,4.54,178.01,sowing,sementeira,centrifugal_spreader,1,39.21,0.220,2024,6,6
C3_2024,5.52,7.90,43.61,sowing,sementeira,centrifugal_spreader,1,5.52,0.127,2024,6,6
C3_2024,23.70,8.96,212.35,sowing,sementeira,centrifugal_spreader,1,23.70,0.112,2024,6,6
C3_2024,23.80,8.96,213.22,sowing,sementeira,centrifugal_spreader,1,23.80,0.112,2024,6,6
C4_2022,25.21,3.62,91.26,soil_operation,disk_harrow x3,disk_harrow,3,75.63,0.829,2022,5,15
C4_2022,25.21,3.62,91.26,soil_operation,levelling,laser_leveler,1,25.21,0.276,2022,5,20
C4_2022,25.21,3.62,91.26,soil_operation,fertiliser_integration,rotary_tiller,1,25.21,0.276,2022,5,22
C4_2022,25.21,3.62,91.26,harvest,colheita,combine_harvester,1,25.21,0.276,2022,11,20
C4_2022,25.21,3.62,91.26,basal_fertilisation,adubação fundo,centrifugal_spreader,1,25.21,0.276,2022,5,22
C4_2022,25.21,3.62,91.26,topdressing,adubação cobertura,centrifugal_spreader,1,19.21,0.210,2022,7,20
C4_2022,19.21,3.62,69.52,crop_protection,herbicide,sprayer,1,19.21,0.276,2022,6,20
C4_2022,19.21,3.62,69.52,crop_protection,herbicide,sprayer,1,19.21,0.276,2022,6,20
C4_2022,19.21,3.62,69.52,crop_protection,herbicide,sprayer,1,19.21,0.276,2022,6,20
C4_2022,19.21,3.62,69.52,crop_protection,herbicide,sprayer,1,19.21,0.276,2022,6,20
C4_2022,19.21,3.62,69.52,crop_protection,herbicide,sprayer,1,19.21,0.276,2022,6,20
C4_2022,19.21,3.62,69.52,crop_protection,herbicide,sprayer,1,19.21,0.276,2022,6,27
C4_2022,19.21,3.62,69.52,crop_protection,herbicide,sprayer,1,19.21,0.276,2022,6,27
C4_2022,19.21,3.62,69.52,crop_protection,herbicide,sprayer,1,19.21,0.276,2022,7,21
C4_2022,19.21,3.62,69.52,crop_protection,herbicide,sprayer,1,19.21,0.276,2022,7,21
C4_2022,25.21,3.62,91.26,sowing,sementeira,centrifugal_spreader,1,25.21,0.276,2022,5,30
C4_2023,23.84,4.50,107.28,soil_operation,disk_harrow x3,disk_harrow,3,71.52,0.667,2023,5,14
C4_2023,23.84,4.50,107.28,soil_operation,levelling,laser_leveler,1,23.84,0.222,2023,5,22
C4_2023,23.84,4.50,107.28,soil_operation,fertiliser_integration,rotary_tiller,1,23.84,0.222,2023,5,29
C4_2023,23.84,4.50,107.28,harvest,colheita,combine_harvester,1,23.84,0.222,2023,10,20
C4_2023,23.84,4.50,107.28,basal_fertilisation,adubação fundo,centrifugal_spreader,1,23.84,0.222,2023,5,25
C4_2023,23.84,4.50,107.28,topdressing,adubação cobertura,centrifugal_spreader,1,23.84,0.222,2023,7,10
C4_2023,5.76,9.57,55.11,crop_protection,herbicide,sprayer,1,5.76,0.105,2023,6,3
C4_2023,5.76,9.57,55.11,crop_protection,herbicide,sprayer,1,5.76,0.105,2023,6,3
C4_2023,5.76,9.57,55.11,crop_protection,herbicide,sprayer,1,5.76,0.105,2023,6,4
C4_2023,18.08,2.89,52.22,crop_protection,herbicide,sprayer,1,18.08,0.346,2023,6,4
C4_2023,18.08,2.89,52.22,crop_protection,herbicide,sprayer,1,18.08,0.346,2023,6,20
C4_2023,5.76,9.57,55.11,crop_protection,herbicide,sprayer,1,5.76,0.105,2023,6,21
C4_2023,5.76,9.57,55.11,crop_protection,herbicide,sprayer,1,5.76,0.105,2023,6,21
C4_2023,5.76,9.57,55.11,crop_protection,pesticide,sprayer,1,5.76,0.105,2023,6,28
C4_2023,5.76,9.57,55.12,sowing,sementeira,centrifugal_spreader,1,5.76,0.104,2023,5,29
C4_2023,18.08,2.89,52.25,sowing,sementeira,centrifugal_spreader,1,18.08,0.346,2023,6,1
C4_2024,23.87,8.28,197.55,soil_operation,disk_harrow x3,disk_harrow,3,71.61,0.362,2024,4,10
C4_2024,23.87,8.28,197.55,soil_operation,levelling,laser_leveler,1,23.87,0.121,2024,4,17
C4_2024,23.87,8.28,197.55,soil_operation,fertiliser_integration,rotary_tiller,1,23.87,0.121,2024,4,18
C4_2024,23.87,8.28,197.55,harvest,colheita,combine_harvester,1,23.87,0.121,2024,10,30
C4_2024,23.87,8.28,197.55,soil_operation,straw_integration,rotary_tiller,1,23.87,0.121,2024,12,31
C4_2024,23.87,8.28,197.55,basal_fertilisation,adubação fundo,centrifugal_spreader,1,23.87,0.121,2024,4,18
C4_2024,23.87,8.28,197.55,topdressing,adubação cobertura,centrifugal_spreader,1,23.87,0.121,2024,7,1
C4_2024,8.57,7.67,65.76,crop_protection,herbicide,sprayer,1,8.57,0.130,2024,5,27
C4_2024,8.57,7.67,65.76,crop_protection,herbicide,sprayer,1,8.57,0.130,2024,5,27
C4_2024,8.57,7.67,65.76,crop_protection,herbicide,sprayer,1,8.57,0.130,2024,5,27
C4_2024,15.30,8.61,131.78,crop_protection,herbicide,sprayer,1,15.30,0.116,2024,5,27
C4_2024,15.30,8.61,131.78,crop_protection,herbicide,sprayer,1,15.30,0.116,2024,5,27
C4_2024,15.30,8.61,131.78,crop_protection,herbicide,sprayer,1,15.30,0.116,2024,5,27
C4_2024,15.30,8.61,131.78,crop_protection,herbicide,sprayer,1,15.30,0.116,2024,6,14
C4_2024,15.30,8.61,131.78,crop_protection,herbicide,sprayer,1,15.30,0.116,2024,6,14
C4_2024,15.30,8.61,131.78,crop_protection,herbicide,sprayer,1,15.30,0.116,2024,6,14
C4_2024,8.57,7.67,65.73,sowing,sementeira,centrifugal_spreader,1,8.57,0.130,2024,5,3
C4_2024,15.30,8.61,131.73,sowing,sementeira,centrifugal_spreader,1,15.30,0.116,2024,5,3
C5_2022,35.75,5.99,214.14,soil_operation,disk_harrow x3,disk_harrow,3,107.25,0.501,2022,4,24
C5_2022,35.75,5.99,214.14,soil_operation,levelling,laser_leveler,1,35.75,0.167,2022,5,3
C5_2022,35.75,5.99,214.14,soil_operation,fertiliser_integration,rotary_tiller,1,35.75,0.167,2022,7,5
C5_2022,35.75,5.99,214.14,harvest,colheita,combine_harvester,1,35.75,0.167,2022,10,10
C5_2022,35.75,5.99,214.14,topdressing,adubação cobertura,centrifugal_spreader,1,25.75,0.120,2022,7,4
C5_2022,35.75,5.99,214.14,basal_fertilisation,adubação fundo,centrifugal_spreader,1,35.75,0.167,2022,7,5
C5_2022,35.75,5.99,214.14,topdressing,adubação cobertura,centrifugal_spreader,1,10.00,0.047,2022,7,20
C5_2022,25.75,5.66,145.80,crop_protection,herbicide,sprayer,1,25.75,0.177,2022,5,20
C5_2022,25.75,5.66,145.80,crop_protection,herbicide,sprayer,1,25.75,0.177,2022,5,20
C5_2022,25.75,5.66,145.80,crop_protection,herbicide,sprayer,1,25.75,0.177,2022,5,20
C5_2022,10.00,6.83,68.27,crop_protection,herbicide,sprayer,1,10.00,0.146,2022,5,21
C5_2022,10.00,6.83,68.27,crop_protection,herbicide,sprayer,1,10.00,0.146,2022,5,21
C5_2022,25.75,5.66,145.80,crop_protection,herbicide,sprayer,1,25.75,0.177,2022,5,25
C5_2022,10.00,6.83,68.27,crop_protection,herbicide,sprayer,1,10.00,0.146,2022,5,25
C5_2022,25.75,5.66,145.75,sowing,sementeira,centrifugal_spreader,1,25.75,0.177,2022,5,15
C5_2022,10.00,6.83,68.30,sowing,sementeira,centrifugal_spreader,1,10.00,0.146,2022,5,27
C5_2023,35.44,6.23,220.79,soil_operation,disk_harrow x3,disk_harrow,3,106.32,0.482,2023,5,1
C5_2023,35.44,6.23,220.79,soil_operation,fertiliser_integration,rotary_tiller,1,35.44,0.161,2023,5,15
C5_2023,35.44,6.23,220.79,soil_operation,levelling,laser_leveler,1,35.44,0.161,2023,8,5
C5_2023,35.44,6.23,220.79,harvest,colheita,combine_harvester,1,35.44,0.161,2023,10,31
C5_2023,35.44,6.23,220.79,basal_fertilisation,adubação fundo,centrifugal_spreader,1,15.54,0.070,2023,5,15
C5_2023,35.44,6.23,220.79,basal_fertilisation,adubação fundo,centrifugal_spreader,1,11.60,0.053,2023,5,15
C5_2023,35.44,6.23,220.79,basal_fertilisation,adubação fundo,centrifugal_spreader,1,8.30,0.038,2023,5,15
C5_2023,35.44,6.23,220.79,topdressing,adubação cobertura,centrifugal_spreader,1,5.44,0.025,2023,7,25
C5_2023,35.44,6.23,220.79,topdressing,adubação cobertura,centrifugal_spreader,1,30.00,0.136,2023,7,25
C5_2023,14.00,5.29,74.00,crop_protection,herbicide,sprayer,1,14.00,0.189,2023,6,2
C5_2023,14.00,5.29,74.00,crop_protection,herbicide,sprayer,1,14.00,0.189,2023,6,2
C5_2023,21.44,6.69,143.41,crop_protection,herbicide,sprayer,1,21.44,0.149,2023,6,4
C5_2023,21.44,6.69,143.41,crop_protection,herbicide,sprayer,1,21.44,0.149,2023,6,4
C5_2023,21.44,6.69,143.41,crop_protection,herbicide,sprayer,1,21.44,0.149,2023,6,4
C5_2023,21.44,6.69,143.41,crop_protection,herbicide,sprayer,1,21.44,0.149,2023,6,4
C5_2023,14.00,5.29,74.00,crop_protection,herbicide,sprayer,1,14.00,0.189,2023,6,4
C5_2023,8.00,5.29,42.29,crop_protection,herbicide,sprayer,1,8.00,0.189,2023,6,15
C5_2023,8.00,5.29,42.29,crop_protection,herbicide,sprayer,1,8.00,0.189,2023,6,15
C5_2023,12.11,6.69,81.00,crop_protection,herbicide,sprayer,1,12.11,0.149,2023,7,1
C5_2023,8.89,5.29,46.99,crop_protection,herbicide,sprayer,1,8.89,0.189,2023,7,1
C5_2023,7.26,6.69,48.56,crop_protection,herbicide,sprayer,1,7.26,0.149,2023,7,1
C5_2023,5.74,5.29,30.34,crop_protection,herbicide,sprayer,1,5.74,0.189,2023,7,1
C5_2023,21.44,6.69,143.43,sowing,sementeira,centrifugal_spreader,1,21.44,0.149,2023,5,25
C5_2023,14.00,5.29,74.06,sowing,sementeira,centrifugal_spreader,1,14.00,0.189,2023,5,25
C5_2024,35.44,8.20,290.61,soil_operation,disk_harrow x3,disk_harrow,3,106.32,0.366,2024,4,30
C5_2024,35.44,8.20,290.61,soil_operation,levelling,laser_leveler,1,35.44,0.122,2024,5,5
C5_2024,35.44,8.20,290.61,soil_operation,fertiliser_integration,rotary_tiller,1,35.44,0.122,2024,5,11
C5_2024,35.44,8.20,290.61,harvest,colheita,combine_harvester,1,35.44,0.122,2024,10,31
C5_2024,35.44,8.20,290.61,soil_operation,straw_integration,rotary_tiller,1,35.44,0.122,2024,12,31
C5_2024,35.44,8.20,290.61,topdressing,adubação cobertura,centrifugal_spreader,1,35.44,0.122,2024,7,20
C5_2024,35.44,8.20,290.61,topdressing,adubação cobertura,centrifugal_spreader,1,35.44,0.122,2024,7,20
C5_2024,35.44,8.20,290.61,basal_fertilisation,adubação fundo,centrifugal_spreader,1,35.44,0.122,2024,8,5
C5_2024,20.19,6.25,126.13,crop_protection,herbicide,sprayer,1,20.19,0.160,2024,6,6
C5_2024,20.19,6.25,126.13,crop_protection,herbicide,sprayer,1,20.19,0.160,2024,6,6
C5_2024,20.19,6.25,126.13,crop_protection,herbicide,sprayer,1,20.19,0.160,2024,6,6
C5_2024,20.19,6.25,126.13,crop_protection,herbicide,sprayer,1,20.19,0.160,2024,6,6
C5_2024,15.25,10.78,164.32,crop_protection,herbicide,sprayer,1,15.25,0.093,2024,6,21
C5_2024,20.19,6.25,126.13,crop_protection,herbicide,sprayer,1,20.19,0.160,2024,6,21
C5_2024,15.25,10.78,164.32,crop_protection,herbicide,sprayer,1,15.25,0.093,2024,6,21
C5_2024,15.25,10.78,164.32,crop_protection,herbicide,sprayer,1,15.25,0.093,2024,6,21
C5_2024,12.11,6.25,75.65,crop_protection,herbicide,sprayer,1,12.11,0.160,2024,6,21
C5_2024,7.14,10.78,76.93,crop_protection,herbicide,sprayer,1,7.14,0.093,2024,6,21
C5_2024,8.75,6.25,54.66,crop_protection,herbicide,sprayer,1,8.75,0.160,2024,6,21
C5_2024,6.50,10.78,70.04,crop_protection,herbicide,sprayer,1,6.50,0.093,2024,6,21
C5_2024,9.81,6.25,61.28,crop_protection,herbicide,sprayer,1,9.81,0.160,2024,7,1
C5_2024,9.81,6.25,61.28,crop_protection,herbicide,sprayer,1,9.81,0.160,2024,7,1
C5_2024,15.25,10.78,164.40,sowing,sementeira,centrifugal_spreader,1,15.25,0.093,2024,5,18
C5_2024,20.19,6.25,126.19,sowing,sementeira,centrifugal_spreader,1,20.19,0.160,2024,5,18
C6_2022,73.11,2.15,157.19,soil_operation,disk_harrow x2,disk_harrow,2,146.22,0.930,2022,5,20
C6_2022,73.11,2.15,157.19,soil_operation,levelling,laser_leveler,1,73.11,0.465,2022,5,25
C6_2022,73.11,2.15,157.19,soil_operation,fertiliser_integration,rotary_tiller,1,73.11,0.465,2022,6,2
C6_2022,73.11,2.15,157.19,harvest,colheita,combine_harvester,1,73.11,0.465,2022,11,4
C6_2022,73.11,2.15,157.19,basal_fertilisation,adubação fundo,centrifugal_spreader,1,73.11,0.465,2022,6,2
C6_2022,73.11,2.15,157.19,topdressing,adubação cobertura,centrifugal_spreader,1,48.00,0.305,2022,8,4
C6_2022,73.11,2.15,157.19,topdressing,adubação cobertura,centrifugal_spreader,1,73.11,0.465,2022,8,4
C6_2022,73.11,2.15,157.26,crop_protection,herbicide,sprayer,1,73.11,0.465,2022,5,25
C6_2022,73.11,2.15,157.26,crop_protection,herbicide,sprayer,1,73.11,0.465,2022,6,25
C6_2022,73.11,2.15,157.26,crop_protection,herbicide,sprayer,1,73.11,0.465,2022,6,25
C6_2022,45.00,2.15,96.80,crop_protection,herbicide,sprayer,1,45.00,0.465,2022,6,25
C6_2022,36.00,2.15,77.44,crop_protection,herbicide,sprayer,1,36.00,0.465,2022,7,1
C6_2022,20.00,2.15,43.02,crop_protection,herbicide,sprayer,1,20.00,0.465,2022,7,1
C6_2022,11.60,2.15,24.95,crop_protection,herbicide,sprayer,1,11.60,0.465,2022,7,1
C6_2022,20.80,2.15,44.74,crop_protection,pesticide,sprayer,1,20.80,0.465,2022,7,25
C6_2022,73.11,2.15,157.19,sowing,sementeira,centrifugal_spreader,1,73.11,0.465,2022,6,10
C6_2023,71.09,2.88,204.74,soil_operation,disk_harrow x2,disk_harrow,2,142.18,0.694,2023,4,23
C6_2023,71.09,2.88,204.74,soil_operation,levelling,laser_leveler,1,71.09,0.347,2023,4,29
C6_2023,71.09,2.88,204.74,soil_operation,fertiliser_integration,rotary_tiller,1,71.09,0.347,2023,5,3
C6_2023,71.09,2.88,204.74,harvest,colheita,combine_harvester,1,71.09,0.347,2023,10,10
C6_2023,71.09,2.88,204.74,basal_fertilisation,adubação fundo,centrifugal_spreader,1,71.09,0.347,2023,5,2
C6_2023,71.09,2.88,204.74,topdressing,adubação cobertura,centrifugal_spreader,1,71.09,0.347,2023,5,2
C6_2023,3.75,2.88,10.80,crop_protection,herbicide,sprayer,1,3.75,0.347,2023,5,15
C6_2023,67.34,2.88,193.94,crop_protection,herbicide,sprayer,1,67.34,0.347,2023,5,15
C6_2023,3.75,2.88,10.80,crop_protection,herbicide,sprayer,1,3.75,0.347,2023,6,6
C6_2023,67.34,2.88,193.94,crop_protection,herbicide,sprayer,1,67.34,0.347,2023,6,6
C6_2023,3.75,2.88,10.80,crop_protection,herbicide,sprayer,1,3.75,0.347,2023,6,6
C6_2023,67.34,2.88,193.94,crop_protection,herbicide,sprayer,1,67.34,0.347,2023,6,6
C6_2023,3.75,2.88,10.80,crop_protection,herbicide,sprayer,1,3.75,0.347,2023,6,6
C6_2023,67.34,2.88,193.94,crop_protection,herbicide,sprayer,1,67.34,0.347,2023,6,6
C6_2023,3.75,2.88,10.80,crop_protection,herbicide,sprayer,1,3.75,0.347,2023,6,6
C6_2023,67.34,2.88,193.94,crop_protection,herbicide,sprayer,1,67.34,0.347,2023,6,6
C6_2023,3.17,2.88,9.13,crop_protection,pesticide,sprayer,1,3.17,0.347,2023,7,10
C6_2023,56.83,2.88,163.67,crop_protection,pesticide,sprayer,1,56.83,0.347,2023,7,10
C6_2023,3.08,2.88,8.87,crop_protection,pesticide,sprayer,1,3.08,0.347,2023,7,11
C6_2023,55.22,2.88,159.03,crop_protection,pesticide,sprayer,1,55.22,0.347,2023,7,11
C6_2023,71.09,2.88,204.74,sowing,sementeira,centrifugal_spreader,1,71.09,0.347,2023,5,20
C6_2024,71.09,2.88,204.74,harvest,colheita,combine_harvester,1,71.09,0.347,2024,10,10
C6_2024,54.22,7.35,398.52,harvest,colheita,combine_harvester,1,54.22,0.136,2023,10,10
C6_2024,54.22,7.35,398.52,soil_operation,disk_harrow x2,disk_harrow,2,108.44,0.272,2024,5,26
C6_2024,54.22,7.35,398.52,soil_operation,levelling,laser_leveler,1,54.22,0.136,2024,5,29
C6_2024,54.22,7.35,398.52,soil_operation,fertiliser_integration,rotary_tiller,1,54.22,0.136,2024,6,2
C6_2024,54.22,7.25,393.10,basal_fertilisation,adubação fundo,centrifugal_spreader,1,54.22,0.138,2024,6,2
C6_2024,54.22,7.25,393.10,topdressing,adubação cobertura,centrifugal_spreader,1,54.22,0.138,2024,7,30
C6_2024,54.22,7.25,393.26,crop_protection,herbicide,sprayer,1,54.22,0.138,2024,6,10
C6_2024,54.22,7.25,393.26,crop_protection,herbicide,sprayer,1,54.22,0.138,2024,6,26
C6_2024,54.22,7.25,393.26,crop_protection,herbicide,sprayer,1,54.22,0.138,2024,6,26
C6_2024,54.22,7.25,393.26,crop_protection,herbicide,sprayer,1,54.22,0.138,2024,7,10
C6_2024,54.22,7.25,393.26,crop_protection,herbicide,sprayer,1,54.22,0.138,2024,7,10
C6_2024,54.22,7.25,393.26,crop_protection,pesticide,sprayer,1,54.22,0.138,2024,8,2
C6_2024,1.25,7.25,9.07,crop_protection,herbicide,sprayer,1,1.25,0.138,2024,8,6
C6_2024,54.22,7.25,393.10,sowing,sementeira,centrifugal_spreader,1,54.22,0.138,2024,6,6
C7_2023,37.33,6.65,248.24,soil_operation,disk_harrow x3,disk_harrow,3,111.99,0.451,2023,5,10
C7_2023,37.33,6.65,248.24,soil_operation,levelling,laser_leveler,1,37.33,0.150,2023,5,20
C7_2023,37.33,6.65,248.24,soil_operation,fertiliser_integration,rotary_tiller,1,37.33,0.150,2023,6,6
C7_2023,37.33,6.65,248.24,harvest,colheita,combine_harvester,1,37.33,0.150,2024,11,22
C7_2023,37.33,6.65,248.36,topdressing,adubação cobertura,centrifugal_spreader,1,7.33,0.030,2023,5,2
C7_2023,37.33,6.65,248.36,topdressing,adubação cobertura,centrifugal_spreader,1,30.00,0.121,2023,5,2
C7_2023,37.33,6.65,248.36,basal_fertilisation,adubação fundo,centrifugal_spreader,1,37.33,0.150,2023,6,6
C7_2023,31.24,6.98,218.15,crop_protection,herbicide,sprayer,1,31.24,0.143,2023,5,30
C7_2023,6.09,4.96,30.21,crop_protection,herbicide,sprayer,1,6.09,0.202,2023,5,30
C7_2023,31.24,6.98,218.15,crop_protection,herbicide,sprayer,1,31.24,0.143,2023,6,30
C7_2023,6.09,4.96,30.21,crop_protection,herbicide,sprayer,1,6.09,0.202,2023,6,30
C7_2023,31.24,6.98,218.15,crop_protection,herbicide,sprayer,1,31.24,0.143,2023,6,30
C7_2023,6.09,4.96,30.21,crop_protection,herbicide,sprayer,1,6.09,0.202,2023,6,30
C7_2023,31.24,6.98,218.15,crop_protection,herbicide,sprayer,1,31.24,0.143,2023,7,10
C7_2023,6.09,4.96,30.21,crop_protection,herbicide,sprayer,1,6.09,0.202,2023,7,10
C7_2023,31.24,6.98,218.15,crop_protection,pesticide,sprayer,1,31.24,0.143,2023,7,11
C7_2023,6.09,4.96,30.21,crop_protection,pesticide,sprayer,1,6.09,0.202,2023,7,11
C7_2023,31.24,6.98,218.15,crop_protection,herbicide,sprayer,1,31.24,0.143,2023,7,12
C7_2023,6.09,4.96,30.21,crop_protection,herbicide,sprayer,1,6.09,0.202,2023,7,12
C7_2023,31.24,6.98,218.15,crop_protection,herbicide,sprayer,1,31.24,0.143,2023,7,12
C7_2023,6.09,4.96,30.21,crop_protection,herbicide,sprayer,1,6.09,0.202,2023,7,12
C7_2023,31.24,6.98,218.15,crop_protection,herbicide,sprayer,1,31.24,0.143,2023,7,12
C7_2023,6.09,4.96,30.21,crop_protection,herbicide,sprayer,1,6.09,0.202,2023,7,12
C7_2023,6.09,4.96,30.21,sowing,sementeira,seeder,1,6.09,0.202,2023,6,6
C7_2023,31.24,6.98,218.06,sowing,sementeira,seeder,1,31.24,0.143,2023,7,5
C7_2024,37.35,4.99,186.38,soil_operation,disk_harrow x3,disk_harrow,3,112.05,0.601,2024,5,30
C7_2024,37.35,4.99,186.38,soil_operation,disk_harrow x3,disk_harrow,3,112.05,0.601,2024,5,30
C7_2024,37.35,4.99,186.38,soil_operation,levelling,laser_leveler,1,37.35,0.200,2024,5,30
C7_2024,37.35,4.99,186.38,soil_operation,levelling,laser_leveler,1,37.35,0.200,2024,5,30
C7_2024,37.35,4.99,186.38,soil_operation,fertiliser_integration,rotary_tiller,1,37.35,0.200,2024,8,6
C7_2024,37.35,4.99,186.38,soil_operation,fertiliser_integration,rotary_tiller,1,37.35,0.200,2024,8,6
C7_2024,37.35,4.99,186.38,harvest,colheita,combine_harvester,1,37.35,0.200,2024,11,22
C7_2024,37.33,4.99,186.28,basal_fertilisation,adubação fundo,centrifugal_spreader,1,26.00,0.140,2024,8,6
C7_2024,37.33,4.99,186.28,basal_fertilisation,adubação fundo,centrifugal_spreader,1,26.00,0.140,2024,8,6
C7_2024,37.33,4.99,186.28,basal_fertilisation,adubação fundo,centrifugal_spreader,1,11.35,0.061,2024,8,6
C7_2024,37.33,4.99,186.28,topdressing,adubação cobertura,centrifugal_spreader,1,37.35,0.201,2024,8,20
C7_2024,22.45,4.42,99.25,crop_protection,herbicide,sprayer,1,22.45,0.226,2024,5,30
C7_2024,14.90,3.93,58.48,crop_protection,herbicide,sprayer,1,14.90,0.255,2024,5,30
C7_2024,22.45,4.42,99.25,crop_protection,herbicide,sprayer,1,22.45,0.226,2024,6,30
C7_2024,22.45,4.42,99.25,crop_protection,herbicide,sprayer,1,22.45,0.226,2024,6,30
C7_2024,14.90,3.93,58.48,crop_protection,herbicide,sprayer,1,14.90,0.255,2024,6,30
C7_2024,14.90,3.93,58.48,crop_protection,herbicide,sprayer,1,14.90,0.255,2024,7,10
C7_2024,22.45,4.42,99.25,crop_protection,pesticide,sprayer,1,22.45,0.226,2024,7,11
C7_2024,22.45,4.42,99.25,crop_protection,herbicide,sprayer,1,22.45,0.226,2024,7,12
C7_2024,22.45,4.42,99.25,crop_protection,herbicide,sprayer,1,22.45,0.226,2024,7,12
C7_2024,22.45,4.42,99.25,crop_protection,herbicide,sprayer,1,22.45,0.226,2024,7,12
C7_2024,22.45,4.42,99.23,sowing,sementeira,seeder,1,22.45,0.226,2024,6,24
C7_2024,14.90,3.93,58.56,sowing,sementeira,seeder,1,14.90,0.254,2024,6,24
C8_2022,58.32,5.56,324.26,soil_operation,disk_harrow x3,disk_harrow,3,174.96,0.540,2022,4,30
C8_2022,58.32,5.56,324.26,soil_operation,levelling,laser_leveler,1,58.32,0.180,2022,5,5
C8_2022,58.32,5.56,324.26,harvest,colheita,combine_harvester,1,58.32,0.180,2022,10,28
C8_2022,58.32,5.56,324.26,basal_fertilisation,adubação fundo,centrifugal_spreader,1,58.32,0.180,2022,5,15
C8_2022,58.32,5.56,324.26,topdressing,adubação cobertura,centrifugal_spreader,1,58.32,0.180,2022,7,10
C8_2022,58.32,5.56,324.26,topdressing,adubação cobertura,centrifugal_spreader,1,12.50,0.039,2022,7,14
C8_2022,12.50,4.15,51.91,crop_protection,herbicide,sprayer,1,12.50,0.241,2022,4,24
C8_2022,32.50,5.78,187.85,crop_protection,herbicide,sprayer,1,32.50,0.173,2022,4,24
C8_2022,12.50,6.45,80.66,crop_protection,herbicide,sprayer,1,12.50,0.155,2022,4,24
C8_2022,0.82,4.34,3.56,crop_protection,herbicide,sprayer,1,0.82,0.230,2022,4,24
C8_2022,32.50,5.78,187.85,crop_protection,herbicide,sprayer,1,32.50,0.173,2022,5,17
C8_2022,32.50,5.78,187.85,crop_protection,herbicide,sprayer,1,32.50,0.173,2022,6,16
C8_2022,32.50,5.78,187.85,crop_protection,herbicide,sprayer,1,32.50,0.173,2022,6,16
C8_2022,32.50,5.78,187.85,crop_protection,herbicide,sprayer,1,32.50,0.173,2022,6,16
C8_2022,12.50,6.45,80.66,crop_protection,herbicide,sprayer,1,12.50,0.155,2022,6,16
C8_2022,12.50,6.45,80.66,crop_protection,herbicide,sprayer,1,12.50,0.155,2022,6,16
C8_2022,12.50,6.45,80.66,crop_protection,herbicide,sprayer,1,12.50,0.155,2022,6,16
C8_2022,0.82,4.34,3.56,crop_protection,herbicide,sprayer,1,0.82,0.230,2022,6,16
C8_2022,0.82,4.34,3.56,crop_protection,herbicide,sprayer,1,0.82,0.230,2022,6,16
C8_2022,0.82,4.34,3.56,crop_protection,herbicide,sprayer,1,0.82,0.230,2022,6,16
C8_2022,12.50,4.15,51.91,crop_protection,herbicide,sprayer,1,12.50,0.241,2022,6,20
C8_2022,12.50,4.15,51.91,crop_protection,herbicide,sprayer,1,12.50,0.241,2022,6,22
C8_2022,12.50,4.15,51.91,crop_protection,herbicide,sprayer,1,12.50,0.241,2022,6,22
C8_2022,32.50,5.78,187.85,crop_protection,herbicide,sprayer,1,32.50,0.173,2022,6,23
C8_2022,32.50,5.78,187.85,crop_protection,herbicide,sprayer,1,32.50,0.173,2022,6,23
C8_2022,12.50,6.45,80.66,crop_protection,herbicide,sprayer,1,12.50,0.155,2022,6,24
C8_2022,12.50,6.45,80.66,crop_protection,herbicide,sprayer,1,12.50,0.155,2022,6,24
C8_2022,12.50,4.15,51.91,crop_protection,pesticide,sprayer,1,12.50,0.241,2022,6,25
C8_2022,32.50,5.78,187.85,crop_protection,pesticide,sprayer,1,32.50,0.173,2022,6,25
C8_2022,12.50,6.45,80.66,crop_protection,pesticide,sprayer,1,12.50,0.155,2022,6,25
C8_2022,0.82,4.34,3.56,crop_protection,pesticide,sprayer,1,0.82,0.230,2022,6,25
C8_2022,12.50,4.15,51.91,crop_protection,herbicide,sprayer,1,12.50,0.241,2022,6,30
C8_2022,12.50,4.15,51.88,sowing,sementeira,centrifugal_spreader,1,12.50,0.241,2022,5,27
C8_2022,32.50,5.78,187.85,sowing,sementeira,centrifugal_spreader,1,32.50,0.173,2022,5,27
C8_2022,12.50,6.45,80.63,sowing,sementeira,centrifugal_spreader,1,12.50,0.155,2022,5,27
C8_2022,0.82,4.34,3.56,sowing,sementeira,centrifugal_spreader,1,0.82,0.230,2022,5,27
C8_2023,58.04,5.73,332.57,soil_operation,disk_harrow x3,disk_harrow,3,174.12,0.524,2023,4,20
C8_2023,58.04,5.73,332.57,soil_operation,levelling,laser_leveler,1,58.04,0.175,2023,4,20
C8_2023,58.04,5.73,332.57,soil_operation,fertiliser_integration,rotary_tiller,1,58.04,0.175,2023,8,5
C8_2023,58.04,5.73,332.57,harvest,colheita,combine_harvester,1,58.04,0.175,2023,11,20
C8_2023,58.34,5.73,334.29,topdressing,adubação cobertura,centrifugal_spreader,1,58.04,0.174,2023,7,2
C8_2023,58.34,5.73,334.29,basal_fertilisation,adubação fundo,centrifugal_spreader,1,58.04,0.174,2023,8,5
C8_2023,17.30,3.17,54.77,crop_protection,herbicide,sprayer,1,17.30,0.316,2023,5,10
C8_2023,10.00,14.11,141.12,crop_protection,herbicide,sprayer,1,10.00,0.071,2023,6,6
C8_2023,10.00,14.11,141.12,crop_protection,herbicide,sprayer,1,10.00,0.071,2023,6,6
C8_2023,10.00,14.11,141.12,crop_protection,herbicide,sprayer,1,10.00,0.071,2023,6,6
C8_2023,37.80,3.17,119.67,crop_protection,herbicide,sprayer,1,37.80,0.316,2023,6,8
C8_2023,37.80,3.17,119.67,crop_protection,herbicide,sprayer,1,37.80,0.316,2023,6,8
C8_2023,37.80,3.17,119.67,crop_protection,herbicide,sprayer,1,37.80,0.316,2023,6,8
C8_2023,37.80,3.17,119.67,crop_protection,herbicide,sprayer,1,37.80,0.316,2023,6,20
C8_2023,37.80,3.17,119.67,crop_protection,herbicide,sprayer,1,37.80,0.316,2023,6,20
C8_2023,37.80,3.17,119.67,crop_protection,herbicide,sprayer,1,37.80,0.316,2023,6,20
C8_2023,37.80,3.17,119.67,crop_protection,herbicide,sprayer,1,37.80,0.316,2023,6,26
C8_2023,5.90,2.07,12.19,crop_protection,herbicide,sprayer,1,5.90,0.484,2023,6,26
C8_2023,37.80,3.17,119.67,crop_protection,herbicide,sprayer,1,37.80,0.316,2023,6,26
C8_2023,5.90,2.07,12.19,crop_protection,herbicide,sprayer,1,5.90,0.484,2023,6,26
C8_2023,37.80,3.17,119.67,crop_protection,pesticide,sprayer,1,37.80,0.316,2023,7,10
C8_2023,37.80,3.17,119.67,crop_protection,pesticide,sprayer,1,37.80,0.316,2023,7,17
C8_2023,14.34,14.11,202.37,crop_protection,pesticide,sprayer,1,14.34,0.071,2023,7,17
C8_2023,5.90,2.07,12.19,crop_protection,pesticide,sprayer,1,5.90,0.484,2023,7,17
C8_2023,37.80,3.17,119.83,sowing,sementeira,seeder,1,37.80,0.315,2023,5,25
C8_2023,14.34,14.11,202.34,sowing,sementeira,seeder,1,14.34,0.071,2023,5,25
C8_2023,5.90,2.07,12.21,sowing,sementeira,seeder,1,5.90,0.483,2023,5,25
C8_2024,59.12,3.95,233.52,soil_operation,disk_harrow x3,disk_harrow,3,177.36,0.759,2024,5,10
C8_2024,59.12,3.95,233.52,soil_operation,fertiliser_integration,rotary_tiller,1,59.12,0.253,2024,5,15
C8_2024,59.12,3.95,233.52,soil_operation,levelling,laser_leveler,1,59.12,0.253,2024,8,5
C8_2024,59.12,3.95,233.52,harvest,colheita,combine_harvester,1,59.12,0.253,2024,10,30
C8_2024,59.12,3.95,233.52,basal_fertilisation,adubação fundo,centrifugal_spreader,1,59.12,0.253,2024,5,15
C8_2024,59.12,3.95,233.52,topdressing,adubação cobertura,centrifugal_spreader,1,59.12,0.253,2024,7,20
C8_2024,4.00,1.52,6.06,crop_protection,herbicide,sprayer,1,4.00,0.660,2024,6,12
C8_2024,17.20,3.98,68.39,crop_protection,herbicide,sprayer,1,17.20,0.252,2024,6,12
C8_2024,17.20,3.98,68.39,crop_protection,herbicide,sprayer,1,17.20,0.252,2024,6,12
C8_2024,17.20,3.98,68.39,crop_protection,herbicide,sprayer,1,17.20,0.252,2024,6,12
C8_2024,25.42,3.77,95.94,crop_protection,herbicide,sprayer,1,25.42,0.265,2024,6,12
C8_2024,12.50,5.06,63.19,crop_protection,herbicide,sprayer,1,12.50,0.198,2024,6,16
C8_2024,12.50,5.06,63.19,crop_protection,herbicide,sprayer,1,12.50,0.198,2024,6,16
C8_2024,12.50,5.06,63.19,crop_protection,herbicide,sprayer,1,12.50,0.198,2024,6,16
C8_2024,12.50,5.06,63.19,crop_protection,herbicide,sprayer,1,12.50,0.198,2024,7,3
C8_2024,12.50,5.06,63.19,crop_protection,herbicide,sprayer,1,12.50,0.198,2024,7,3
C8_2024,12.50,5.06,63.19,crop_protection,herbicide,sprayer,1,12.50,0.198,2024,7,3
C8_2024,25.42,3.77,95.94,crop_protection,fungicide,sprayer,1,25.42,0.265,2024,8,1
C8_2024,4.00,1.52,6.08,sowing,sementeira,centrifugal_spreader,1,4.00,0.658,2024,6,6
C8_2024,12.50,5.06,63.25,sowing,sementeira,centrifugal_spreader,1,12.50,0.198,2024,6,6
C8_2024,17.20,3.98,68.46,sowing,sementeira,centrifugal_spreader,1,17.20,0.251,2024,6,6
C8_2024,25.42,3.77,95.83,sowing,sementeira,centrifugal_spreader,1,25.42,0.265,2024,6,6
D1_2022,12.25,1.36,16.66,soil_operation,disk_harrow x3,disk_harrow,3,36.75,2.206,2022,4,5
D1_2022,12.25,1.36,16.66,soil_operation,fertiliser_integration,rotary_tiller,1,12.25,0.735,2022,5,11
D1_2022,12.25,1.36,16.66,soil_operation,levelling,laser_leveler,1,12.25,0.735,2022,8,5
D1_2022,12.25,1.36,16.66,harvest,colheita,combine_harvester,1,12.25,0.735,2022,10,18
D1_2022,12.25,1.36,16.66,topdressing,adubação cobertura,centrifugal_spreader,1,12.25,0.735,2022,6,14
D1_2022,12.25,1.36,16.66,basal_fertilisation,adubação fundo,centrifugal_spreader,1,6.60,0.396,2022,9,5
D1_2022,12.25,1.36,16.68,crop_protection,herbicide,sprayer,1,12.25,0.734,2022,4,20
D1_2022,11.50,1.36,15.66,crop_protection,herbicide,sprayer,1,11.50,0.734,2022,5,12
D1_2022,12.25,1.36,16.68,crop_protection,fungicide,sprayer,1,12.25,0.734,2022,5,13
D1_2022,12.25,1.36,16.68,crop_protection,herbicide,sprayer,1,12.25,0.734,2022,5,13
D1_2022,6.00,1.36,8.17,crop_protection,herbicide,sprayer,1,6.00,0.734,2022,5,13
D1_2022,12.25,1.36,16.68,crop_protection,herbicide,sprayer,1,12.25,0.734,2022,5,14
D1_2022,12.25,1.36,16.68,crop_protection,herbicide,sprayer,1,12.25,0.734,2022,5,14
D1_2022,12.25,1.36,16.68,crop_protection,fungicide,sprayer,1,12.25,0.734,2022,6,10
D1_2022,4.20,1.36,5.72,crop_protection,pesticide,sprayer,1,4.20,0.734,2022,6,10
D1_2022,12.25,1.36,16.66,sowing,sementeira_linha,seeder,1,12.25,0.735,2022,4,24
D1_2023,17.99,4.90,88.15,soil_operation,disk_harrow x3,disk_harrow,3,53.97,0.612,2023,5,1
D1_2023,17.99,4.90,88.15,soil_operation,fertiliser_integration,rotary_tiller,1,17.99,0.204,2023,5,15
D1_2023,17.99,4.90,88.15,soil_operation,levelling,laser_leveler,1,17.99,0.204,2023,8,5
D1_2023,17.99,4.90,88.15,harvest,harvest,combine_harvester,1,17.99,0.204,2023,10,11
D1_2023,17.99,4.90,88.15,fertilisation,basal_fertilisation,centrifugal_spreader,1,17.99,0.204,2023,5,15
D1_2023,17.99,4.90,88.15,fertilisation,topdressing,centrifugal_spreader,1,17.99,0.204,2023,7,25
D1_2023,17.99,4.90,88.22,crop_protection,herbicide,sprayer,1,17.99,0.204,2023,5,10
D1_2023,17.99,4.90,88.22,crop_protection,herbicide,sprayer,1,17.99,0.204,2023,6,15
D1_2023,17.99,4.90,88.22,crop_protection,herbicide,sprayer,1,17.99,0.204,2023,6,15
D1_2023,17.99,4.90,88.22,crop_protection,herbicide,sprayer,1,17.99,0.204,2023,6,15
D1_2023,17.99,4.90,88.22,crop_protection,herbicide,sprayer,1,17.99,0.204,2023,6,15
D1_2023,17.99,4.90,88.22,crop_protection,herbicide,sprayer,1,17.99,0.204,2023,6,20
D1_2023,17.99,4.90,88.22,crop_protection,herbicide,sprayer,1,17.99,0.204,2023,6,20
D1_2023,17.99,4.90,88.22,crop_protection,pesticide,sprayer,1,17.99,0.204,2023,8,1
D1_2023,17.99,4.90,88.15,sowing,sementeira,centrifugal_spreader,1,17.99,0.204,2023,5,15
D1_2024,24.80,5.68,140.86,soil_operation,disk_harrow x3,disk_harrow,3,74.4,0.528,2024,5,10
D1_2024,24.80,5.68,140.86,soil_operation,fertiliser_integration,rotary_tiller,1,24.8,0.176,2024,5,15
D1_2024,24.80,5.68,140.86,soil_operation,levelling,laser_leveler,1,24.8,0.176,2024,8,5
D1_2024,24.80,5.68,140.86,harvest,harvest,combine_harvester,1,24.8,0.176,2024,10,30
D1_2024,24.80,5.68,140.86,fertilisation,basal_fertilisation,centrifugal_spreader,1,24.80,0.176,2024,5,15
D1_2024,24.80,5.68,140.86,fertilisation,topdressing,centrifugal_spreader,1,24.80,0.176,2024,7,20
D1_2024,13.00,6.42,83.45,crop_protection,herbicide,sprayer,1,13.00,0.156,2024,6,12
D1_2024,13.00,6.42,83.45,crop_protection,herbicide,sprayer,1,13.00,0.156,2024,6,12
D1_2024,13.00,6.42,83.45,crop_protection,herbicide,sprayer,1,13.00,0.156,2024,6,12
D1_2024,25.42,3.77,95.94,crop_protection,herbicide,sprayer,1,25.42,0.265,2024,6,12
D1_2024,1.80,5.56,10.01,crop_protection,herbicide,sprayer,1,1.80,0.180,2024,6,16
D1_2024,1.80,5.56,10.01,crop_protection,herbicide,sprayer,1,1.80,0.180,2024,6,16
D1_2024,1.80,5.56,10.01,crop_protection,herbicide,sprayer,1,1.80,0.180,2024,6,16
D1_2024,1.80,5.56,10.01,crop_protection,herbicide,sprayer,1,1.80,0.180,2024,7,3
D1_2024,1.80,5.56,10.01,crop_protection,herbicide,sprayer,1,1.80,0.180,2024,7,3
D1_2024,1.80,5.56,10.01,crop_protection,herbicide,sprayer,1,1.80,0.180,2024,7,3
D1_2024,25.42,3.77,95.94,crop_protection,fungicide,sprayer,1,25.42,0.265,2024,8,1
D1_2024,13.00,6.42,83.46,sowing,sementeira,centrifugal_spreader,1,13.00,0.156,2024,6,6
D1_2024,10.00,4.39,43.90,sowing,sementeira,centrifugal_spreader,1,10.00,0.228,2024,6,6
D1_2024,1.80,5.56,10.01,sowing,sementeira,centrifugal_spreader,1,1.80,0.180,2024,6,6
D2_2022,18.21,1.23,22.40,soil_operation,disk_harrow x3,disk_harrow,3,54.63,2.439,2022,5,5
D2_2022,18.21,1.23,22.40,soil_operation,fertiliser_integration,rotary_tiller,1,18.21,0.813,2022,5,11
D2_2022,18.21,1.23,22.40,soil_operation,levelling,laser_leveler,1,18.21,0.813,2022,7,5
D2_2022,18.21,1.23,22.40,harvest,harvest,combine_harvester,1,18.21,0.813,2022,12,10
D2_2022,18.22,1.23,22.41,fertilisation,topdressing,centrifugal_spreader,1,18.21,0.813,2022,6,11
D2_2022,18.22,1.23,22.41,fertilisation,basal_fertilisation,centrifugal_spreader,1,18.21,0.813,2022,8,5
D2_2022,18.21,1.23,22.34,crop_protection,herbicide,sprayer,1,18.21,0.815,2022,4,20
D2_2022,18.21,1.23,22.34,crop_protection,herbicide,sprayer,1,18.21,0.815,2022,5,12
D2_2022,18.21,1.23,22.34,crop_protection,fungicide,sprayer,1,18.21,0.815,2022,6,3
D2_2022,18.21,1.23,22.34,crop_protection,herbicide,sprayer,1,18.21,0.815,2022,6,3
D2_2022,18.21,1.23,22.34,crop_protection,herbicide,sprayer,1,18.21,0.815,2022,6,3
D2_2022,18.21,1.23,22.34,crop_protection,herbicide,sprayer,1,18.21,0.815,2022,6,5
D2_2022,18.21,1.23,22.34,crop_protection,herbicide,sprayer,1,18.21,0.815,2022,6,5
D2_2022,18.21,1.23,22.34,crop_protection,herbicide,sprayer,1,18.21,0.815,2022,6,5
D2_2022,18.21,1.23,22.40,sowing,sementeira_linha,seeder,1,18.21,0.813,2022,5,20
D2_2023,18.22,4.84,88.18,soil_operation,disk_harrow x3,disk_harrow,3,54.66,0.620,2023,3,15
D2_2023,18.22,4.84,88.18,soil_operation,levelling,laser_leveler,1,18.22,0.207,2023,4,14
D2_2023,18.22,4.84,88.18,soil_operation,fertiliser_integration,rotary_tiller,1,18.22,0.207,2023,4,26
D2_2023,18.22,4.84,88.18,harvest,harvest,combine_harvester,1,18.22,0.207,2023,11,15
D2_2023,18.22,4.84,88.18,fertilisation,topdressing,centrifugal_spreader,1,18.22,0.207,2023,1,8
D2_2023,18.22,4.84,88.18,fertilisation,basal_fertilisation,centrifugal_spreader,1,18.22,0.207,2023,4,24
D2_2023,18.22,4.84,88.22,crop_protection,herbicide,sprayer,1,18.22,0.207,2023,5,7
D2_2023,18.22,4.84,88.22,crop_protection,herbicide,sprayer,1,18.22,0.207,2023,6,2
D2_2023,18.22,4.84,88.22,crop_protection,herbicide,sprayer,1,18.22,0.207,2023,6,3
D2_2023,18.22,4.84,88.22,crop_protection,herbicide,sprayer,1,18.22,0.207,2023,6,3
D2_2023,18.22,4.84,88.22,crop_protection,herbicide,sprayer,1,18.22,0.207,2023,6,5
D2_2023,18.22,4.84,88.22,crop_protection,herbicide,sprayer,1,18.22,0.207,2023,6,5
D2_2023,18.22,4.84,88.22,crop_protection,herbicide,sprayer,1,18.22,0.207,2023,6,5
D2_2023,18.22,4.84,88.22,crop_protection,herbicide,sprayer,1,18.22,0.207,2023,6,5
D2_2023,18.22,4.84,88.22,crop_protection,pesticide,sprayer,1,18.22,0.207,2023,7,10
D2_2023,18.22,4.84,88.22,crop_protection,fungicide,sprayer,1,18.22,0.207,2023,7,11
D2_2023,18.22,4.84,88.18,sowing,sementeira,centrifugal_spreader,1,18.22,0.207,2023,5,10
D2_2024,18.22,6.77,123.35,soil_operation,disk_harrow x3,disk_harrow,3,54.66,0.443,2024,5,10
D2_2024,18.22,6.77,123.35,soil_operation,fertiliser_integration,rotary_tiller,1,18.22,0.148,2024,5,15
D2_2024,18.22,6.77,123.35,soil_operation,levelling,laser_leveler,1,18.22,0.148,2024,8,5
D2_2024,18.22,6.77,123.35,harvest,harvest,combine_harvester,1,18.22,0.148,2024,9,24
D2_2024,18.22,6.77,123.35,fertilisation,basal_fertilisation,centrifugal_spreader,1,18.22,0.148,2024,5,15
D2_2024,18.22,6.77,123.35,fertilisation,topdressing,centrifugal_spreader,1,18.22,0.148,2024,7,20
D2_2024,18.22,6.77,123.29,crop_protection,herbicide,sprayer,1,18.22,0.148,2024,6,12
D2_2024,18.22,6.77,123.29,crop_protection,herbicide,sprayer,1,18.22,0.148,2024,6,12
D2_2024,18.22,6.77,123.29,crop_protection,herbicide,sprayer,1,18.22,0.148,2024,6,12
D2_2024,18.22,6.77,123.29,crop_protection,herbicide,sprayer,1,18.22,0.148,2024,6,16
D2_2024,18.22,6.77,123.29,crop_protection,herbicide,sprayer,1,18.22,0.148,2024,6,16
D2_2024,18.22,6.77,123.29,crop_protection,herbicide,sprayer,1,18.22,0.148,2024,6,16
D2_2024,18.22,6.77,123.29,crop_protection,herbicide,sprayer,1,18.22,0.148,2024,7,3
D2_2024,18.22,6.77,123.29,crop_protection,herbicide,sprayer,1,18.22,0.148,2024,7,3
D2_2024,18.22,6.77,123.29,crop_protection,herbicide,sprayer,1,18.22,0.148,2024,7,3
D2_2024,18.22,6.77,123.35,sowing,sementeira,centrifugal_spreader,1,18.22,0.148,2024,6,6
NT1_2023,14.92,6.49,96.83,harvest,colheita,combine_harvester,1,14.92,0.154,2023,10,10
NT1_2023,14.92,6.49,96.83,topdressing,adubação cobertura,centrifugal_spreader,1,14.92,0.154,2023,2,5
NT1_2023,14.92,6.49,96.83,topdressing,adubação cobertura,centrifugal_spreader,1,14.92,0.154,2023,5,2
NT1_2023,14.92,6.49,96.79,crop_protection,herbicide,sprayer,1,14.92,0.154,2023,5,10
NT1_2023,14.92,6.49,96.79,crop_protection,herbicide,sprayer,1,14.92,0.154,2023,6,30
NT1_2023,14.92,6.49,96.79,crop_protection,herbicide,sprayer,1,14.92,0.154,2023,7,12
NT1_2023,14.92,6.49,96.83,sowing,sementeira_linha,seeder,1,14.92,0.154,2023,6,6
NT1_2024,37.90,7.11,269.47,harvest,colheita,combine_harvester,1,37.9,0.141,2024,10,10
NT1_2024,12.70,7.11,90.30,basal_fertilisation,adubação fundo,centrifugal_spreader,1,30.90,0.342,2024,5,20
NT1_2024,7.00,7.11,49.77,basal_fertilisation,adubação fundo,centrifugal_spreader,1,7.00,0.141,2024,5,20
NT1_2024,37.90,7.11,269.47,topdressing,adubação cobertura,centrifugal_spreader,1,37.90,0.141,2024,7,10
NT1_2024,37.90,7.11,269.36,crop_protection,herbicide,sprayer,1,37.90,0.141,2024,5,10
NT1_2024,37.90,7.11,269.36,crop_protection,herbicide,sprayer,1,37.90,0.141,2024,6,20
NT1_2024,37.90,7.11,269.36,crop_protection,herbicide,sprayer,1,37.90,0.141,2024,6,20
NT1_2024,37.90,7.11,269.36,crop_protection,herbicide,sprayer,1,37.90,0.141,2024,6,20
NT1_2024,37.90,7.11,269.36,crop_protection,herbicide,sprayer,1,37.90,0.141,2024,7,10
NT1_2024,37.90,7.11,269.47,sowing,sementeira_linha,seeder,1,37.90,0.141,2024,5,26
NT2_2022,20.42,4.10,83.72,soil_operation,levelling,laser_leveler,1,20.42,0.244,2022,4,11
NT2_2022,20.42,4.10,83.72,soil_operation,fertiliser_integration,rotary_tiller,1,20.42,0.244,2022,4,18
NT2_2022,20.42,4.10,83.72,basal_fertilisation,adubação fundo,centrifugal_spreader,1,20.42,0.244,2022,4,15
NT2_2022,20.42,4.10,83.72,topdressing,adubação cobertura,centrifugal_spreader,1,3.00,0.036,2022,4,15
NT2_2022,20.42,4.07,83.09,crop_protection,herbicide,sprayer,1,20.42,0.246,2022,4,18
NT2_2022,20.42,4.07,83.09,crop_protection,herbicide,sprayer,1,20.42,0.246,2022,5,19
NT2_2022,20.42,4.07,83.09,crop_protection,herbicide,sprayer,1,20.42,0.246,2022,5,19
NT2_2022,20.42,4.07,83.09,crop_protection,herbicide,sprayer,1,20.42,0.246,2022,6,6
NT2_2022,20.42,4.07,83.09,crop_protection,herbicide,sprayer,1,20.42,0.246,2022,6,6
NT2_2022,20.42,4.07,83.09,crop_protection,herbicide,sprayer,1,20.42,0.246,2022,6,6
NT2_2022,20.42,4.07,83.11,sowing,sementeira,centrifugal_spreader,1,20.42,0.246,2022,4,29
NT2_2023,20.19,7.31,147.59,soil_operation,fertiliser_integration,rotary_tiller,1,20.19,0.137,2023,4,21
NT2_2023,20.19,4.77,96.31,harvest,colheita,combine_harvester,1,20.19,0.210,2023,10,10
NT2_2023,20.19,7.31,147.51,basal_fertilisation,adubação fundo,centrifugal_spreader,1,20.19,0.137,2023,4,19
NT2_2023,20.19,7.31,147.51,topdressing,adubação cobertura,centrifugal_spreader,1,20.19,0.137,2023,6,20
NT2_2023,20.19,7.306,147.50,crop_protection,Herbicide,sprayer,1,20.19,0.137,2023,5,1
NT2_2023,20.19,7.306,147.50,crop_protection,Herbicide,sprayer,1,20.19,0.137,2023,5,1
NT2_2023,20.19,7.306,147.50,crop_protection,Herbicide,sprayer,1,20.19,0.137,2023,5,1
NT2_2023,20.19,7.306,147.50,crop_protection,Herbicide,sprayer,1,20.19,0.137,2023,5,1
NT2_2023,20.19,7.306,147.50,crop_protection,Herbicide,sprayer,1,20.19,0.137,2023,5,1
NT2_2023,20.19,7.306,147.50,crop_protection,Herbicide,sprayer,1,20.19,0.137,2023,5,1
NT2_2023,20.19,7.306,147.50,crop_protection,Herbicide,sprayer,1,20.19,0.137,2023,5,1
NT2_2023,20.19,7.306,147.50,crop_protection,Herbicide,sprayer,1,20.19,0.137,2023,5,1
NT2_2023,20.190,7.306,147.50,crop_protection,Herbicide,sprayer,1,20.19,0.137,2023,5,1
NT2_2023,20.19,7.31,147.51,sowing,sementeira_linha,seeder,1,20.19,0.137,2023,5,1
NT2_2024,20.19,4.77,96.31,soil_operation,fertiliser_integration,rotary_tiller,1,20.19,0.210,2024,4,21
NT2_2024,20.19,4.77,96.31,harvest,colheita,combine_harvester,1,20.19,0.210,2024,10,10
NT2_2024,20.19,4.77,96.23,basal_fertilisation,adubação fundo,centrifugal_spreader,1,20.19,0.210,2024,4,19
NT2_2024,20.19,4.77,96.23,topdressing,adubação cobertura,centrifugal_spreader,1,20.19,0.210,2024,6,1
NT2_2024,20.190,4.766,96.23,crop_protection,Herbicide,sprayer,1,20.19,0.210,2023,5,10
NT2_2024,20.190,4.766,96.23,crop_protection,Herbicide,sprayer,1,20.19,0.210,2023,5,10
NT2_2024,20.190,4.766,96.23,crop_protection,Herbicide,sprayer,1,20.19,0.210,2023,5,10
NT2_2024,20.190,4.766,96.23,crop_protection,Herbicide,sprayer,1,20.19,0.210,2023,5,10
NT2_2024,20.190,4.766,96.23,crop_protection,Herbicide,sprayer,1,20.19,0.210,2023,5,10
NT2_2024,20.190,4.766,96.23,crop_protection,Herbicide,sprayer,1,20.19,0.210,2023,5,10
NT2_2024,20.19,4.77,96.23,sowing,sementeira_linha,seeder,1,20.19,0.210,2024,5,10