dmu_id,variety,area_ha,productivity,year,month,day,operation_category,operation,equipment,active_substance,product,dose_kg_ha,dose_unit,dose_kg/t,dose_units,stage,Digitaria sanguinalis,Cyperus esculentus,Pyricularia,Wild Rice,Gramineae,Broadleaves,General Weeds,Weevil,Aphids,Rice Worms,Spodoptera frugiperda,Heteranthera,repetitions,covered_area,area_per_tonne
C1_2022,Ronaldo,15.48,4.49,"2,022.00",5.00,25.00,crop_protection,fungicide,sprayer,Chlorothalonil,Splash,0.59,kg/ha,0.13,kg/t,Tillering,1.00,0.00,0.00,0.00,0.00,0.00,1.00,0.00,0.00,0.00,0.00,0.00,1.00,15.48,0.22
C1_2022,Corimbo,1.50,3.48,"2,022.00",5.00,25.00,crop_protection,fungicide,sprayer,Chlorothalonil,Splash,0.59,kg/ha,0.17,kg/t,Tillering,1.00,0.00,0.00,0.00,0.00,0.00,1.00,0.00,0.00,0.00,0.00,0.00,1.00,1.50,0.29
C1_2022,Sprint,18.30,4.44,"2,022.00",5.00,25.00,crop_protection,fungicide,sprayer,Chlorothalonil,Splash,0.59,kg/ha,0.13,kg/t,Tillering,0.00,0.00,1.00,0.00,0.00,0.00,0.00,0.00,0.00,0.00,0.00,0.00,1.00,18.30,0.23
C1_2022,Leonardo,1.60,3.16,"2,022.00",5.00,25.00,crop_protection,fungicide,sprayer,Chlorothalonil,Splash,0.59,kg/ha,0.19,kg/t,Tillering,1.00,1.00,0.00,0.00,0.00,0.00,1.00,0.00,0.00,0.00,0.00,0.00,1.00,1.60,0.32
C1_2022,JSendra,4.30,5.18,"2,022.00",5.00,25.00,crop_protection,fungicide,sprayer,Chlorothalonil,Splash,0.59,kg/ha,0.11,kg/t,Tillering,0.00,1.00,0.00,0.00,0.00,0.00,1.00,0.00,0.00,0.00,0.00,0.00,1.00,4.30,0.19
C1_2022,Ronaldo,15.48,4.49,"2,022.00",5.00,25.00,crop_protection,herbicide,sprayer,Florpyrauxifen-benzyl,Loyant,0.03,kg/ha,0.01,kg/t,2 leaves,0.00,0.00,0.00,0.00,0.00,0.00,0.00,1.00,0.00,0.00,0.00,0.00,1.00,15.48,0.22
C1_2022,Ronaldo,15.48,4.49,"2,022.00",5.00,25.00,crop_protection,herbicide,sprayer,Profoxydim,Profistar,0.15,kg/ha,0.03,kg/t,2 leaves,1.00,0.00,0.00,0.00,0.00,0.00,1.00,0.00,0.00,0.00,0.00,0.00,1.00,15.48,0.22
C1_2022,Ronaldo,15.48,4.49,"2,022.00",5.00,25.00,crop_protection,herbicide,sprayer,Bispyribac-sodium,Nominee,0.03,kg/ha,0.01,kg/t,2 leaves,1.00,0.00,0.00,0.00,0.00,0.00,1.00,0.00,0.00,0.00,0.00,0.00,1.00,15.48,0.22
C1_2022,Ronaldo,15.48,4.49,"2,022.00",5.00,25.00,crop_protection,herbicide,sprayer,Azimsulfuron,Gulliver,0.04,kg/ha,0.01,kg/t,2 leaves,1.00,1.00,0.00,0.00,0.00,0.00,1.00,0.00,0.00,0.00,0.00,0.00,1.00,15.48,0.22
C1_2022,Corimbo,1.50,3.48,"2,022.00",5.00,25.00,crop_protection,herbicide,sprayer,Florpyrauxifen-benzyl,Loyant,0.03,kg/ha,0.01,kg/t,2 leaves,0.00,0.00,1.00,0.00,0.00,0.00,0.00,0.00,0.00,0.00,0.00,0.00,1.00,1.50,0.29
C1_2022,Corimbo,1.50,3.48,"2,022.00",5.00,25.00,crop_protection,herbicide,sprayer,Profoxydim,Profistar,0.15,kg/ha,0.04,kg/t,2 leaves,1.00,0.00,0.00,0.00,0.00,0.00,1.00,0.00,0.00,0.00,0.00,0.00,1.00,1.50,0.29
C1_2022,Corimbo,1.50,3.48,"2,022.00",5.00,25.00,crop_protection,herbicide,sprayer,Bispyribac-sodium,Nominee,0.03,kg/ha,0.01,kg/t,2 leaves,1.00,0.00,0.00,0.00,0.00,0.00,1.00,0.00,0.00,0.00,0.00,0.00,1.00,1.50,0.29
C1_2022,Sprint,18.30,4.44,"2,022.00",5.00,25.00,crop_protection,herbicide,sprayer,Florpyrauxifen-benzyl,Loyant,0.03,kg/ha,0.01,kg/t,2 leaves,1.00,1.00,0.00,0.00,0.00,0.00,1.00,0.00,0.00,0.00,0.00,0.00,1.00,18.30,0.23
C1_2022,Sprint,18.30,4.44,"2,022.00",5.00,25.00,crop_protection,herbicide,sprayer,Profoxydim,Profistar,0.15,kg/ha,0.03,kg/t,2 leaves,0.00,1.00,0.00,0.00,0.00,0.00,1.00,0.00,0.00,0.00,0.00,0.00,1.00,18.30,0.23
C1_2022,Sprint,18.30,4.44,"2,022.00",5.00,25.00,crop_protection,herbicide,sprayer,Bispyribac-sodium,Nominee,0.03,kg/ha,0.01,kg/t,2 leaves,0.00,0.00,1.00,0.00,0.00,0.00,0.00,0.00,0.00,0.00,0.00,0.00,1.00,18.30,0.23
C1_2022,Sprint,18.30,4.44,"2,022.00",5.00,25.00,crop_protection,herbicide,sprayer,Azimsulfuron,Gulliver,0.04,kg/ha,0.01,kg/t,2 leaves,0.00,0.00,0.00,0.00,0.00,0.00,0.00,1.00,0.00,0.00,0.00,0.00,1.00,18.30,0.23
C1_2022,Leonardo,1.60,3.16,"2,022.00",5.00,25.00,crop_protection,herbicide,sprayer,Florpyrauxifen-benzyl,Loyant,0.03,kg/ha,0.01,kg/t,2 leaves,1.00,0.00,0.00,0.00,0.00,0.00,1.00,0.00,0.00,0.00,0.00,0.00,1.00,1.60,0.32
C1_2022,Leonardo,1.60,3.16,"2,022.00",5.00,25.00,crop_protection,herbicide,sprayer,Profoxydim,Profistar,0.15,kg/ha,0.05,kg/t,2 leaves,1.00,0.00,0.00,0.00,0.00,0.00,1.00,0.00,0.00,0.00,0.00,0.00,1.00,1.60,0.32
C1_2022,Leonardo,1.60,3.16,"2,022.00",5.00,25.00,crop_protection,herbicide,sprayer,Bispyribac-sodium,Nominee,0.03,kg/ha,0.01,kg/t,2 leaves,1.00,1.00,0.00,0.00,0.00,0.00,1.00,0.00,0.00,0.00,0.00,0.00,1.00,1.60,0.32
C1_2022,JSendra,4.30,5.18,"2,022.00",5.00,25.00,crop_protection,herbicide,sprayer,Florpyrauxifen-benzyl,Loyant,0.03,kg/ha,0.01,kg/t,2 leaves,0.00,0.00,1.00,0.00,0.00,0.00,0.00,0.00,0.00,0.00,0.00,0.00,1.00,4.30,0.19
C1_2022,JSendra,4.30,5.18,"2,022.00",5.00,25.00,crop_protection,herbicide,sprayer,Profoxydim,Profistar,0.15,kg/ha,0.03,kg/t,2 leaves,1.00,0.00,0.00,0.00,0.00,0.00,1.00,0.00,0.00,0.00,0.00,0.00,1.00,4.30,0.19
C1_2022,PVL 136 IT,4.74,4.29,"2,022.00",6.00,6.00,crop_protection,herbicide,sprayer,Cycloxydim,Verresta,0.25,kg/ha,0.06,kg/t,2 leaves,1.00,0.00,0.00,0.00,0.00,0.00,1.00,0.00,0.00,0.00,0.00,0.00,1.00,4.74,0.23
C1_2022,Ronaldo,15.48,4.49,"2,022.00",6.00,30.00,crop_protection,pesticide,sprayer,Flonicamid,Teppeki,0.12,kg/ha,0.03,kg/t,Tillering,0.00,0.00,0.00,0.00,0.00,0.00,0.00,1.00,0.00,0.00,0.00,0.00,1.00,15.48,0.22
C1_2022,Sprint,18.30,4.44,"2,022.00",6.00,30.00,crop_protection,pesticide,sprayer,Flonicamid,Teppeki,0.12,kg/ha,0.03,kg/t,Tillering,0.00,0.00,1.00,0.00,0.00,0.00,0.00,0.00,0.00,0.00,0.00,0.00,1.00,18.30,0.23
C1_2022,JSendra,4.30,5.18,"2,022.00",6.00,30.00,crop_protection,pesticide,sprayer,Flonicamid,Teppeki,0.12,kg/ha,0.02,kg/t,Tillering,1.00,0.00,0.00,0.00,0.00,0.00,1.00,0.00,0.00,0.00,0.00,0.00,1.00,4.30,0.19
C1_2023,Leonardo,28.40,4.37,"2,023.00",5.00,7.00,crop_protection,herbicide,sprayer,Benzobicyclon,Avanza,0.30,kg/ha,0.07,kg/t,Pre-emergence,0.00,0.00,0.00,0.00,0.00,0.00,1.00,0.00,0.00,0.00,0.00,0.00,1.00,28.40,0.23
C1_2023,Corimbo,4.01,2.16,"2,023.00",5.00,7.00,crop_protection,herbicide,sprayer,Benzobicyclon,Avanza,0.30,kg/ha,0.14,kg/t,Pre-emergence,0.00,0.00,0.00,0.00,0.00,0.00,1.00,0.00,0.00,0.00,0.00,0.00,1.00,4.01,0.46
C1_2023,PVL 136 IT,4.10,5.03,"2,023.00",5.00,7.00,crop_protection,herbicide,sprayer,Benzobicyclon,Avanza,0.30,kg/ha,0.06,kg/t,Pre-emergence,0.00,0.00,0.00,0.00,0.00,0.00,1.00,0.00,0.00,0.00,0.00,0.00,1.00,4.10,0.20
C1_2023,Telemaco,9.00,5.90,"2,023.00",5.00,7.00,crop_protection,herbicide,sprayer,Benzobicyclon,Avanza,0.30,kg/ha,0.05,kg/t,Pre-emergence,0.00,0.00,0.00,0.00,0.00,0.00,1.00,0.00,0.00,0.00,0.00,0.00,1.00,9.00,0.17
C1_2023,Leonardo,28.40,4.37,"2,023.00",5.00,31.00,crop_protection,herbicide,sprayer,Methyl oleate + methyl palmitate,Dash HC,0.16,kg/ha,0.04,kg/t,2–3 leaves,1.00,0.00,0.00,0.00,0.00,0.00,0.00,0.00,0.00,0.00,0.00,0.00,1.00,28.40,0.23
C1_2023,Corimbo,4.01,2.16,"2,023.00",5.00,31.00,crop_protection,herbicide,sprayer,Methyl oleate + methyl palmitate,Dash HC,0.16,kg/ha,0.07,kg/t,2–3 leaves,1.00,0.00,0.00,0.00,0.00,0.00,0.00,0.00,0.00,0.00,0.00,0.00,1.00,4.01,0.46
C1_2023,Telemaco,9.00,5.90,"2,023.00",5.00,31.00,crop_protection,herbicide,sprayer,Methyl oleate + methyl palmitate,Dash HC,0.16,kg/ha,0.03,kg/t,2–3 leaves,1.00,0.00,0.00,0.00,0.00,0.00,0.00,0.00,0.00,0.00,0.00,0.00,1.00,9.00,0.17
C1_2023,Leonardo,28.40,4.37,"2,023.00",5.00,31.00,crop_protection,herbicide,sprayer,Profoxydim,Aura,0.15,kg/ha,0.03,kg/t,2–3 leaves,1.00,0.00,0.00,0.00,0.00,0.00,0.00,0.00,0.00,0.00,0.00,0.00,1.00,28.40,0.23
C1_2023,Corimbo,4.01,2.16,"2,023.00",5.00,31.00,crop_protection,herbicide,sprayer,Profoxydim,Aura,0.15,kg/ha,0.07,kg/t,2–3 leaves,1.00,0.00,0.00,0.00,0.00,0.00,0.00,0.00,0.00,0.00,0.00,0.00,1.00,4.01,0.46
C1_2023,Telemaco,9.00,5.90,"2,023.00",5.00,31.00,crop_protection,herbicide,sprayer,Profoxydim,Aura,0.15,kg/ha,0.03,kg/t,2–3 leaves,1.00,0.00,0.00,0.00,0.00,0.00,0.00,0.00,0.00,0.00,0.00,0.00,1.00,9.00,0.17
C1_2023,Leonardo,28.40,4.37,"2,023.00",5.00,31.00,crop_protection,herbicide,sprayer,Florpyrauxifen-benzyl,Loyant,0.03,kg/ha,0.01,kg/t,2–3 leaves,0.00,0.00,0.00,0.00,0.00,1.00,0.00,0.00,0.00,0.00,0.00,0.00,1.00,28.40,0.23
C1_2023,Corimbo,4.01,2.16,"2,023.00",5.00,31.00,crop_protection,herbicide,sprayer,Florpyrauxifen-benzyl,Loyant,0.03,kg/ha,0.01,kg/t,2–3 leaves,0.00,0.00,0.00,0.00,0.00,1.00,0.00,0.00,0.00,0.00,0.00,0.00,1.00,4.01,0.46
C1_2023,Telemaco,9.00,5.90,"2,023.00",5.00,31.00,crop_protection,herbicide,sprayer,Florpyrauxifen-benzyl,Loyant,0.03,kg/ha,0.01,kg/t,2–3 leaves,0.00,0.00,0.00,0.00,0.00,1.00,0.00,0.00,0.00,0.00,0.00,0.00,1.00,9.00,0.17
C1_2023,Leonardo,28.40,4.37,"2,023.00",5.00,31.00,crop_protection,herbicide,sprayer,Bispyribac-sodium,Nominee,0.03,kg/ha,0.01,kg/t,Tillering,1.00,0.00,0.00,0.00,0.00,0.00,0.00,0.00,0.00,0.00,0.00,0.00,1.00,28.40,0.23
C1_2023,Telemaco,9.00,5.90,"2,023.00",5.00,31.00,crop_protection,herbicide,sprayer,MCPA,Herbinexa,0.50,kg/ha,0.08,kg/t,Tillering,0.00,0.00,0.00,0.00,0.00,1.00,0.00,0.00,0.00,0.00,0.00,0.00,1.00,9.00,0.17
C1_2023,Telemaco,9.00,5.90,"2,023.00",5.00,31.00,crop_protection,herbicide,sprayer,Bentazone,Baza,0.96,kg/ha,0.16,kg/t,Tillering,0.00,0.00,0.00,1.00,0.00,0.00,0.00,0.00,0.00,0.00,0.00,0.00,1.00,9.00,0.17
C1_2023,PVL 136 IT,4.10,5.03,"2,023.00",6.00,6.00,crop_protection,herbicide,sprayer,Cycloxydim,Verresta,0.25,kg/ha,0.05,kg/t,2–3 leaves,0.00,0.00,0.00,0.00,0.00,1.00,0.00,0.00,0.00,0.00,0.00,0.00,1.00,4.10,0.20
C1_2023,PVL 136 IT,4.10,5.03,"2,023.00",6.00,6.00,crop_protection,herbicide,sprayer,Florpyrauxifen-benzyl,Loyant,0.03,kg/ha,0.01,kg/t,2–3 leaves,1.00,0.00,0.00,0.00,0.00,0.00,0.00,0.00,0.00,0.00,0.00,0.00,1.00,4.10,0.20
C1_2023,PVL 136 IT,4.10,5.03,"2,023.00",6.00,20.00,crop_protection,herbicide,sprayer,Cycloxydim,Verresta,0.25,kg/ha,0.05,kg/t,Tillering,0.00,0.00,0.00,0.00,0.00,1.00,0.00,0.00,0.00,0.00,0.00,0.00,1.00,4.10,0.20
C1_2023,PVL 136 IT,4.10,5.03,"2,023.00",6.00,20.00,crop_protection,herbicide,sprayer,Florpyrauxifen-benzyl,Loyant,0.03,kg/ha,0.01,kg/t,Tillering,0.00,0.00,0.00,0.00,0.00,1.00,0.00,0.00,0.00,0.00,0.00,0.00,1.00,4.10,0.20
C1_2023,Leonardo,28.40,4.37,"2,023.00",8.00,4.00,crop_protection,pesticide,sprayer,Flonicamid,Afinto,0.12,kg/ha,0.03,kg/t,Panicle emergence (heading),0.00,0.00,0.00,0.00,0.00,0.00,0.00,0.00,1.00,0.00,0.00,0.00,1.00,28.40,0.23
C1_2024,Leonardo,14.21,1.57,"2,024.00",5.00,31.00,crop_protection,herbicide,sprayer,Methyl oleate + methyl palmitate,Dash HC,0.16,kg/ha,0.10,kg/t,2–3 leaves,1.00,0.00,0.00,0.00,0.00,0.00,0.00,0.00,0.00,0.00,0.00,0.00,1.00,14.21,0.64
C1_2024,Ronaldo,8.42,1.46,"2,024.00",5.00,31.00,crop_protection,herbicide,sprayer,Methyl oleate + methyl palmitate,Dash HC,0.16,kg/ha,0.11,kg/t,2–3 leaves,1.00,0.00,0.00,0.00,0.00,0.00,0.00,0.00,0.00,0.00,0.00,0.00,1.00,8.42,0.68
C1_2024,Leonardo,14.21,1.57,"2,024.00",5.00,31.00,crop_protection,herbicide,sprayer,Florpyrauxifen-benzyl,Loyant,0.03,kg/ha,0.02,kg/t,2–3 leaves,0.00,0.00,0.00,0.00,0.00,1.00,0.00,0.00,0.00,0.00,0.00,0.00,1.00,14.21,0.64
C1_2024,Ronaldo,8.42,1.46,"2,024.00",5.00,31.00,crop_protection,herbicide,sprayer,Florpyrauxifen-benzyl,Loyant,0.03,kg/ha,0.02,kg/t,2–3 leaves,0.00,0.00,0.00,0.00,0.00,1.00,0.00,0.00,0.00,0.00,0.00,0.00,1.00,8.42,0.68
C1_2024,PVL 136 IT,6.31,5.77,"2,024.00",5.00,31.00,crop_protection,herbicide,sprayer,MCPA,Herbinexa,0.50,kg/ha,0.09,kg/t,Tillering,1.00,0.00,0.00,0.00,0.00,0.00,0.00,0.00,0.00,0.00,0.00,0.00,1.00,6.31,0.17
C1_2024,Diva PV,11.84,8.92,"2,024.00",5.00,31.00,crop_protection,herbicide,sprayer,MCPA,Herbinexa,0.50,kg/ha,0.06,kg/t,Tillering,1.00,0.00,0.00,0.00,0.00,0.00,0.00,0.00,0.00,0.00,0.00,0.00,1.00,11.84,0.11
C1_2024,Formula PV,4.73,8.64,"2,024.00",5.00,31.00,crop_protection,herbicide,sprayer,MCPA,Herbinexa,0.50,kg/ha,0.06,kg/t,Tillering,1.00,0.00,0.00,0.00,0.00,0.00,0.00,0.00,0.00,0.00,0.00,0.00,1.00,4.73,0.12
C1_2024,PVL 136 IT,6.31,5.77,"2,024.00",5.00,31.00,crop_protection,herbicide,sprayer,Bentazone,Baza,0.96,kg/ha,0.17,kg/t,Tillering,1.00,0.00,0.00,0.00,0.00,0.00,0.00,0.00,0.00,0.00,0.00,0.00,1.00,6.31,0.17
C1_2024,Diva PV,11.84,8.92,"2,024.00",5.00,31.00,crop_protection,herbicide,sprayer,Bentazone,Baza,0.96,kg/ha,0.11,kg/t,Tillering,1.00,0.00,0.00,0.00,0.00,0.00,0.00,0.00,0.00,0.00,0.00,0.00,1.00,11.84,0.11
C1_2024,Formula PV,4.73,8.64,"2,024.00",5.00,31.00,crop_protection,herbicide,sprayer,Bentazone,Baza,0.96,kg/ha,0.11,kg/t,Tillering,1.00,0.00,0.00,0.00,0.00,0.00,0.00,0.00,0.00,0.00,0.00,0.00,1.00,4.73,0.12
C1_2024,PVL 136 IT,6.31,5.77,"2,024.00",6.00,6.00,crop_protection,herbicide,sprayer,Cycloxydim,Verresta,0.25,kg/ha,0.04,kg/t,2–3 leaves,0.00,0.00,0.00,0.00,0.00,1.00,0.00,0.00,0.00,0.00,0.00,0.00,1.00,6.31,0.17
C1_2024,Diva PV,11.84,8.92,"2,024.00",6.00,6.00,crop_protection,herbicide,sprayer,Cycloxydim,Verresta,0.25,kg/ha,0.03,kg/t,2–3 leaves,0.00,0.00,0.00,0.00,0.00,1.00,0.00,0.00,0.00,0.00,0.00,0.00,1.00,11.84,0.11
C1_2024,Formula PV,4.73,8.64,"2,024.00",6.00,6.00,crop_protection,herbicide,sprayer,Cycloxydim,Verresta,0.25,kg/ha,0.03,kg/t,2–3 leaves,0.00,0.00,0.00,0.00,0.00,1.00,0.00,0.00,0.00,0.00,0.00,0.00,1.00,4.73,0.12
C1_2024,PVL 136 IT,6.31,5.77,"2,024.00",6.00,6.00,crop_protection,herbicide,sprayer,Methyl oleate + methyl palmitate,Dash HC,0.16,kg/ha,0.03,kg/t,2–3 leaves,0.00,0.00,0.00,1.00,0.00,0.00,0.00,0.00,0.00,0.00,0.00,0.00,1.00,6.31,0.17
C1_2024,Diva PV,11.84,8.92,"2,024.00",6.00,6.00,crop_protection,herbicide,sprayer,Methyl oleate + methyl palmitate,Dash HC,0.16,kg/ha,0.02,kg/t,2–3 leaves,0.00,0.00,0.00,1.00,0.00,0.00,0.00,0.00,0.00,0.00,0.00,0.00,1.00,11.84,0.11
C1_2024,Formula PV,4.73,8.64,"2,024.00",6.00,6.00,crop_protection,herbicide,sprayer,Methyl oleate + methyl palmitate,Dash HC,0.16,kg/ha,0.02,kg/t,2–3 leaves,0.00,0.00,0.00,1.00,0.00,0.00,0.00,0.00,0.00,0.00,0.00,0.00,1.00,4.73,0.12
C1_2024,PVL 136 IT,6.31,5.77,"2,024.00",6.00,6.00,crop_protection,herbicide,sprayer,Florpyrauxifen-benzyl,Loyant,0.03,kg/ha,0.01,kg/t,2–3 leaves,1.00,0.00,0.00,0.00,0.00,0.00,0.00,0.00,0.00,0.00,0.00,0.00,1.00,6.31,0.17
C1_2024,Diva PV,11.84,8.92,"2,024.00",6.00,6.00,crop_protection,herbicide,sprayer,Florpyrauxifen-benzyl,Loyant,0.03,kg/ha,0.00,kg/t,2–3 leaves,1.00,0.00,0.00,0.00,0.00,0.00,0.00,0.00,0.00,0.00,0.00,0.00,1.00,11.84,0.11
C1_2024,Formula PV,4.73,8.64,"2,024.00",6.00,6.00,crop_protection,herbicide,sprayer,Florpyrauxifen-benzyl,Loyant,0.03,kg/ha,0.00,kg/t,2–3 leaves,1.00,0.00,0.00,0.00,0.00,0.00,0.00,0.00,0.00,0.00,0.00,0.00,1.00,4.73,0.12
C1_2024,PVL 136 IT,6.31,5.77,"2,024.00",6.00,20.00,crop_protection,herbicide,sprayer,Cycloxydim,Verresta,0.25,kg/ha,0.04,kg/t,Tillering,0.00,0.00,0.00,0.00,0.00,1.00,0.00,0.00,0.00,0.00,0.00,0.00,1.00,6.31,0.17
C1_2024,Diva PV,11.84,8.92,"2,024.00",6.00,20.00,crop_protection,herbicide,sprayer,Cycloxydim,Verresta,0.25,kg/ha,0.03,kg/t,Tillering,0.00,0.00,0.00,0.00,0.00,1.00,0.00,0.00,0.00,0.00,0.00,0.00,1.00,11.84,0.11
C1_2024,Formula PV,4.73,8.64,"2,024.00",6.00,20.00,crop_protection,herbicide,sprayer,Cycloxydim,Verresta,0.25,kg/ha,0.03,kg/t,Tillering,0.00,0.00,0.00,0.00,0.00,1.00,0.00,0.00,0.00,0.00,0.00,0.00,1.00,4.73,0.12
C1_2024,PVL 136 IT,6.31,5.77,"2,024.00",6.00,20.00,crop_protection,herbicide,sprayer,Methyl oleate + methyl palmitate,Dash HC,0.16,kg/ha,0.03,kg/t,Tillering,0.00,0.00,0.00,0.00,0.00,1.00,0.00,0.00,0.00,0.00,0.00,0.00,1.00,6.31,0.17
C1_2024,Diva PV,11.84,8.92,"2,024.00",6.00,20.00,crop_protection,herbicide,sprayer,Methyl oleate + methyl palmitate,Dash HC,0.16,kg/ha,0.02,kg/t,Tillering,0.00,0.00,0.00,0.00,0.00,1.00,0.00,0.00,0.00,0.00,0.00,0.00,1.00,11.84,0.11
C1_2024,Formula PV,4.73,8.64,"2,024.00",6.00,20.00,crop_protection,herbicide,sprayer,Methyl oleate + methyl palmitate,Dash HC,0.16,kg/ha,0.02,kg/t,Tillering,0.00,0.00,0.00,0.00,0.00,1.00,0.00,0.00,0.00,0.00,0.00,0.00,1.00,4.73,0.12
C1_2024,PVL 136 IT,6.31,5.77,"2,024.00",6.00,20.00,crop_protection,herbicide,sprayer,Florpyrauxifen-benzyl,Loyant,0.03,kg/ha,0.01,kg/t,Tillering,0.00,0.00,0.00,0.00,0.00,1.00,0.00,0.00,0.00,0.00,0.00,0.00,1.00,6.31,0.17
C1_2024,Diva PV,11.84,8.92,"2,024.00",6.00,20.00,crop_protection,herbicide,sprayer,Florpyrauxifen-benzyl,Loyant,0.03,kg/ha,0.00,kg/t,Tillering,0.00,0.00,0.00,0.00,0.00,1.00,0.00,0.00,0.00,0.00,0.00,0.00,1.00,11.84,0.11
C1_2024,Formula PV,4.73,8.64,"2,024.00",6.00,20.00,crop_protection,herbicide,sprayer,Florpyrauxifen-benzyl,Loyant,0.03,kg/ha,0.00,kg/t,Tillering,0.00,0.00,0.00,0.00,0.00,1.00,0.00,0.00,0.00,0.00,0.00,0.00,1.00,4.73,0.12
C1_2024,Leonardo,14.21,1.57,"2,024.00",7.00,2.00,crop_protection,fungicide,sprayer,Trifloxystrobin,Flint,0.25,kg/ha,0.16,kg/t,Start of heading,0.00,0.00,1.00,0.00,0.00,0.00,0.00,0.00,0.00,0.00,0.00,0.00,1.00,14.21,0.64
C2_2022,Ronaldo,34.06,5.46,"2,022.00",4.00,5.00,crop_protection,herbicide,sprayer,Glyphosate,Montana,1.08,kg/ha,0.20,kg/t,Pre-sowing,0.00,0.00,0.00,0.00,0.00,0.00,1.00,0.00,0.00,0.00,0.00,0.00,1.00,34.06,0.18
C2_2022,Gládio,75.37,7.70,"2,022.00",4.00,5.00,crop_protection,herbicide,sprayer,Glyphosate,Montana,1.08,kg/ha,0.14,kg/t,Pre-sowing,0.00,0.00,0.00,0.00,0.00,0.00,1.00,0.00,0.00,0.00,0.00,0.00,1.00,75.37,0.13
C2_2022,Selénio,1.95,5.93,"2,022.00",4.00,5.00,crop_protection,herbicide,sprayer,Glyphosate,Montana,1.08,kg/ha,0.18,kg/t,Pre-sowing,0.00,0.00,0.00,0.00,0.00,0.00,1.00,0.00,0.00,0.00,0.00,0.00,1.00,1.95,0.17
C2_2022,Ronaldo,34.06,5.46,"2,022.00",6.00,5.00,crop_protection,herbicide,sprayer,Profoxydim,Aura,0.15,kg/ha,0.03,kg/t,2–3 leaves,1.00,0.00,0.00,0.00,0.00,1.00,0.00,0.00,0.00,0.00,0.00,1.00,1.00,34.06,0.18
C2_2022,Gládio,75.37,7.70,"2,022.00",6.00,5.00,crop_protection,herbicide,sprayer,Profoxydim,Aura,0.15,kg/ha,0.02,kg/t,2–3 leaves,1.00,0.00,0.00,0.00,0.00,1.00,0.00,0.00,0.00,0.00,0.00,1.00,1.00,75.37,0.13
C2_2022,Selénio,1.95,5.93,"2,022.00",6.00,5.00,crop_protection,herbicide,sprayer,Profoxydim,Aura,0.15,kg/ha,0.03,kg/t,2–3 leaves,1.00,0.00,0.00,0.00,0.00,1.00,0.00,0.00,0.00,0.00,0.00,1.00,1.00,1.95,0.17
C2_2022,Ronaldo,34.06,5.46,"2,022.00",6.00,5.00,crop_protection,herbicide,sprayer,Florpyrauxifen-benzyl,Loyant,0.03,kg/ha,0.01,kg/t,2–3 leaves,1.00,0.00,0.00,0.00,0.00,1.00,0.00,0.00,0.00,0.00,0.00,1.00,1.00,34.06,0.18
C2_2022,Gládio,75.37,7.70,"2,022.00",6.00,5.00,crop_protection,herbicide,sprayer,Florpyrauxifen-benzyl,Loyant,0.03,kg/ha,0.00,kg/t,2–3 leaves,1.00,0.00,0.00,0.00,0.00,1.00,0.00,0.00,0.00,0.00,0.00,1.00,1.00,75.37,0.13
C2_2022,Selénio,1.95,5.93,"2,022.00",6.00,5.00,crop_protection,herbicide,sprayer,Florpyrauxifen-benzyl,Loyant,0.03,kg/ha,0.01,kg/t,2–3 leaves,1.00,0.00,0.00,0.00,0.00,1.00,0.00,0.00,0.00,0.00,0.00,1.00,1.00,1.95,0.17
C2_2022,Ronaldo,34.06,5.46,"2,022.00",6.00,5.00,crop_protection,herbicide,sprayer,Methyl oleate + methyl palmitate,Dash HC,0.16,kg/ha,0.03,kg/t,2–3 leaves,1.00,0.00,0.00,0.00,0.00,1.00,0.00,0.00,0.00,0.00,0.00,1.00,1.00,34.06,0.18
C2_2022,Gládio,75.37,7.70,"2,022.00",6.00,5.00,crop_protection,herbicide,sprayer,Methyl oleate + methyl palmitate,Dash HC,0.16,kg/ha,0.02,kg/t,2–3 leaves,1.00,0.00,0.00,0.00,0.00,1.00,0.00,0.00,0.00,0.00,0.00,1.00,1.00,75.37,0.13
C2_2022,Selénio,1.95,5.93,"2,022.00",6.00,5.00,crop_protection,herbicide,sprayer,Methyl oleate + methyl palmitate,Dash HC,0.16,kg/ha,0.03,kg/t,2–3 leaves,1.00,0.00,0.00,0.00,0.00,1.00,0.00,0.00,0.00,0.00,0.00,1.00,1.00,1.95,0.17
C2_2022,Gládio,5.00,7.70,"2,022.00",6.00,5.00,crop_protection,herbicide,sprayer,Bentazone,Benta,0.96,kg/ha,0.12,kg/t,2–3 leaves,1.00,0.00,0.00,0.00,0.00,1.00,0.00,0.00,0.00,0.00,0.00,1.00,1.00,5.00,0.13
C2_2022,Gládio,20.00,7.70,"2,022.00",6.00,28.00,crop_protection,pesticide,sprayer,Flonicamid,Teppeki,0.12,kg/ha,0.02,kg/t,Tillering,0.00,0.00,0.00,0.00,0.00,0.00,0.00,1.00,1.00,0.00,0.00,0.00,1.00,20.00,0.13
C2_2023,Ronaldo,45.50,13.83,"2,023.00",5.00,15.00,crop_protection,herbicide,sprayer,Benzobicyclon,Avanza,0.30,kg/ha,0.02,kg/t,Pre-emergence,0.00,0.00,0.00,0.00,0.00,0.00,1.00,0.00,0.00,0.00,0.00,0.00,1.00,45.50,0.07
C2_2023,Ronaldo,28.00,13.83,"2,023.00",6.00,12.00,crop_protection,herbicide,sprayer,Sodium lauryl ether diglycol sulfate,Biopower,0.14,kg/ha,0.01,kg/t,2–3 leaves,0.00,0.00,0.00,0.00,0.00,0.00,1.00,0.00,0.00,0.00,0.00,0.00,1.00,28.00,0.07
C2_2023,Ronaldo,45.50,13.83,"2,023.00",6.00,12.00,crop_protection,herbicide,sprayer,Bispyribac-sodium,Nominee,0.03,kg/ha,0.00,kg/t,2–3 leaves,1.00,0.00,0.00,0.00,0.00,0.00,0.00,0.00,0.00,0.00,0.00,0.00,1.00,45.50,0.07
C2_2023,Ronaldo,45.50,13.83,"2,023.00",6.00,12.00,crop_protection,herbicide,sprayer,Florpyrauxifen-benzyl,Loyant,0.03,kg/ha,0.00,kg/t,2–3 leaves,0.00,0.00,0.00,0.00,0.00,1.00,0.00,0.00,0.00,0.00,0.00,0.00,1.00,45.50,0.07
C2_2023,Selénio,2.22,6.08,"2,023.00",6.00,16.00,crop_protection,herbicide,sprayer,Methyl oleate + methyl palmitate,Dash HC,0.16,kg/ha,0.03,kg/t,2–3 leaves,1.00,0.00,0.00,0.00,0.00,0.00,0.00,0.00,0.00,0.00,0.00,0.00,1.00,2.22,0.16
C2_2023,Ronaldo,45.50,13.83,"2,023.00",6.00,16.00,crop_protection,herbicide,sprayer,Methyl oleate + methyl palmitate,Dash HC,0.16,kg/ha,0.01,kg/t,2–3 leaves,1.00,0.00,0.00,0.00,0.00,0.00,0.00,0.00,0.00,0.00,0.00,0.00,1.00,45.50,0.07
C2_2023,Leonardo,67.49,5.34,"2,023.00",6.00,16.00,crop_protection,herbicide,sprayer,Methyl oleate + methyl palmitate,Dash HC,0.16,kg/ha,0.03,kg/t,2–3 leaves,1.00,0.00,0.00,0.00,0.00,0.00,0.00,0.00,0.00,0.00,0.00,0.00,1.00,67.49,0.19
C2_2023,Selénio,2.22,6.08,"2,023.00",6.00,16.00,crop_protection,herbicide,sprayer,Profoxydim,Aura,0.15,kg/ha,0.02,kg/t,2–3 leaves,1.00,0.00,0.00,1.00,0.00,0.00,0.00,0.00,0.00,0.00,0.00,0.00,1.00,2.22,0.16
C2_2023,Ronaldo,45.50,13.83,"2,023.00",6.00,16.00,crop_protection,herbicide,sprayer,Profoxydim,Aura,0.15,kg/ha,0.01,kg/t,2–3 leaves,1.00,0.00,0.00,1.00,0.00,0.00,0.00,0.00,0.00,0.00,0.00,0.00,1.00,45.50,0.07
C2_2023,Leonardo,67.49,5.34,"2,023.00",6.00,16.00,crop_protection,herbicide,sprayer,Profoxydim,Aura,0.15,kg/ha,0.03,kg/t,2–3 leaves,1.00,0.00,0.00,1.00,0.00,0.00,0.00,0.00,0.00,0.00,0.00,0.00,1.00,67.49,0.19
C2_2023,Selénio,2.22,6.08,"2,023.00",6.00,16.00,crop_protection,herbicide,sprayer,Florpyrauxifen-benzyl,Loyant,0.03,kg/ha,0.00,kg/t,2–3 leaves,0.00,0.00,0.00,0.00,0.00,1.00,0.00,0.00,0.00,0.00,0.00,0.00,1.00,2.22,0.16
C2_2023,Ronaldo,45.50,13.83,"2,023.00",6.00,16.00,crop_protection,herbicide,sprayer,Florpyrauxifen-benzyl,Loyant,0.03,kg/ha,0.00,kg/t,2–3 leaves,0.00,0.00,0.00,0.00,0.00,1.00,0.00,0.00,0.00,0.00,0.00,0.00,1.00,45.50,0.07
C2_2023,Leonardo,67.49,5.34,"2,023.00",6.00,16.00,crop_protection,herbicide,sprayer,Florpyrauxifen-benzyl,Loyant,0.03,kg/ha,0.01,kg/t,2–3 leaves,0.00,0.00,0.00,0.00,0.00,1.00,0.00,0.00,0.00,0.00,0.00,0.00,1.00,67.49,0.19
C2_2023,Leonardo,67.49,5.34,"2,023.00",8.00,12.00,crop_protection,pesticide,sprayer,Flonicamid,Afinto,0.12,kg/ha,0.02,kg/t,Panicle emergence (heading),0.00,0.00,0.00,0.00,0.00,0.00,0.00,0.00,1.00,0.00,0.00,0.00,1.00,67.49,0.19
C2_2024,Ibérico,15.62,7.39,"2,024.00",6.00,12.00,crop_protection,herbicide,sprayer,Methyl oleate + methyl palmitate,Dash HC,0.16,kg/ha,0.02,kg/t,2–3 leaves,0.00,0.00,0.00,0.00,0.00,0.00,1.00,0.00,0.00,0.00,0.00,0.00,1.00,15.62,0.14
C2_2024,Leonardo,4.40,7.39,"2,024.00",6.00,12.00,crop_protection,herbicide,sprayer,Methyl oleate + methyl palmitate,Dash HC,0.16,kg/ha,0.02,kg/t,2–3 leaves,0.00,0.00,0.00,0.00,0.00,0.00,1.00,0.00,0.00,0.00,0.00,0.00,1.00,4.40,0.14
C2_2024,Ronaldo,90.70,7.39,"2,024.00",6.00,12.00,crop_protection,herbicide,sprayer,Methyl oleate + methyl palmitate,Dash HC,0.16,kg/ha,0.02,kg/t,2–3 leaves,0.00,0.00,0.00,0.00,0.00,0.00,1.00,0.00,0.00,0.00,0.00,0.00,1.00,90.70,0.14
C2_2024,Selénio,2.50,7.39,"2,024.00",6.00,12.00,crop_protection,herbicide,sprayer,Methyl oleate + methyl palmitate,Dash HC,0.16,kg/ha,0.02,kg/t,2–3 leaves,0.00,0.00,0.00,0.00,0.00,0.00,1.00,0.00,0.00,0.00,0.00,0.00,1.00,2.50,0.14
C2_2024,Ibérico,15.62,7.39,"2,024.00",6.00,12.00,crop_protection,herbicide,sprayer,Profoxydim,Aura,0.15,kg/ha,0.02,kg/t,2–3 leaves,1.00,0.00,0.00,0.00,0.00,0.00,1.00,0.00,0.00,0.00,0.00,0.00,1.00,15.62,0.14
C2_2024,Leonardo,4.40,7.39,"2,024.00",6.00,12.00,crop_protection,herbicide,sprayer,Profoxydim,Aura,0.15,kg/ha,0.02,kg/t,2–3 leaves,1.00,0.00,0.00,0.00,0.00,0.00,1.00,0.00,0.00,0.00,0.00,0.00,1.00,4.40,0.14
C2_2024,Ronaldo,90.70,7.39,"2,024.00",6.00,12.00,crop_protection,herbicide,sprayer,Profoxydim,Aura,0.15,kg/ha,0.02,kg/t,2–3 leaves,1.00,0.00,0.00,0.00,0.00,0.00,1.00,0.00,0.00,0.00,0.00,0.00,1.00,90.70,0.14
C2_2024,Selénio,2.50,7.39,"2,024.00",6.00,12.00,crop_protection,herbicide,sprayer,Profoxydim,Aura,0.15,kg/ha,0.02,kg/t,2–3 leaves,1.00,0.00,0.00,0.00,0.00,0.00,1.00,0.00,0.00,0.00,0.00,0.00,1.00,2.50,0.14
C2_2024,Ibérico,15.62,7.39,"2,024.00",6.00,12.00,crop_protection,herbicide,sprayer,Florpyrauxifen-benzyl,Loyant,0.03,kg/ha,0.00,kg/t,2–3 leaves,0.00,0.00,0.00,0.00,0.00,1.00,1.00,0.00,0.00,0.00,0.00,0.00,1.00,15.62,0.14
C2_2024,Leonardo,4.40,7.39,"2,024.00",6.00,12.00,crop_protection,herbicide,sprayer,Florpyrauxifen-benzyl,Loyant,0.03,kg/ha,0.00,kg/t,2–3 leaves,0.00,0.00,0.00,0.00,0.00,1.00,1.00,0.00,0.00,0.00,0.00,0.00,1.00,4.40,0.14
C2_2024,Ronaldo,90.70,7.39,"2,024.00",6.00,12.00,crop_protection,herbicide,sprayer,Florpyrauxifen-benzyl,Loyant,0.03,kg/ha,0.00,kg/t,2–3 leaves,0.00,0.00,0.00,0.00,0.00,1.00,1.00,0.00,0.00,0.00,0.00,0.00,1.00,90.70,0.14
C2_2024,Selénio,2.50,7.39,"2,024.00",6.00,12.00,crop_protection,herbicide,sprayer,Florpyrauxifen-benzyl,Loyant,0.03,kg/ha,0.00,kg/t,2–3 leaves,0.00,0.00,0.00,0.00,0.00,1.00,1.00,0.00,0.00,0.00,0.00,0.00,1.00,2.50,0.14
C2_2024,Formula PV,7.50,7.39,"2,024.00",6.00,16.00,crop_protection,herbicide,sprayer,Methyl oleate + methyl palmitate,Dash HC,0.16,kg/ha,0.02,kg/t,2–3 leaves,1.00,0.00,0.00,0.00,0.00,0.00,1.00,0.00,0.00,0.00,0.00,0.00,1.00,7.50,0.14
C2_2024,Formula PV,7.50,7.39,"2,024.00",6.00,16.00,crop_protection,herbicide,sprayer,Cycloxydim,Verresta,0.25,kg/ha,0.03,kg/t,2–3 leaves,1.00,0.00,0.00,1.00,0.00,0.00,1.00,0.00,0.00,0.00,0.00,0.00,1.00,7.50,0.14
C2_2024,Formula PV,7.50,7.39,"2,024.00",6.00,16.00,crop_protection,herbicide,sprayer,Florpyrauxifen-benzyl,Loyant,0.03,kg/ha,0.00,kg/t,2–3 leaves,0.00,0.00,0.00,0.00,0.00,1.00,1.00,0.00,0.00,0.00,0.00,0.00,1.00,7.50,0.14
C2_2024,Formula PV,7.50,7.39,"2,024.00",7.00,3.00,crop_protection,herbicide,sprayer,Methyl oleate + methyl palmitate,Dash HC,0.16,kg/ha,0.02,kg/t,2–3 leaves,1.00,0.00,0.00,0.00,0.00,0.00,1.00,0.00,0.00,0.00,0.00,0.00,1.00,7.50,0.14
C2_2024,Formula PV,7.50,7.39,"2,024.00",7.00,3.00,crop_protection,herbicide,sprayer,Cycloxydim,Verresta,0.25,kg/ha,0.03,kg/t,2–3 leaves,1.00,0.00,0.00,1.00,0.00,0.00,1.00,0.00,0.00,0.00,0.00,0.00,1.00,7.50,0.14
C2_2024,Formula PV,7.50,7.39,"2,024.00",7.00,3.00,crop_protection,herbicide,sprayer,Florpyrauxifen-benzyl,Loyant,0.03,kg/ha,0.00,kg/t,2–3 leaves,0.00,0.00,0.00,0.00,0.00,1.00,1.00,0.00,0.00,0.00,0.00,0.00,1.00,7.50,0.14
C3_2022,Sprint,26.31,4.99,"2,022.00",6.00,15.00,crop_protection,herbicide,sprayer,Profoxydim,Aura,0.15,kg/ha,0.03,kg/t,2–3 leaves,1.00,0.00,0.00,1.00,0.00,0.00,1.00,0.00,0.00,0.00,0.00,0.00,1.00,26.31,0.20
C3_2022,Telemaco,36.57,2.36,"2,022.00",6.00,15.00,crop_protection,herbicide,sprayer,Profoxydim,Aura,0.15,kg/ha,0.06,kg/t,2–3 leaves,1.00,0.00,0.00,1.00,0.00,0.00,1.00,0.00,0.00,0.00,0.00,0.00,1.00,36.57,0.42
C3_2022,Selénio,27.89,6.36,"2,022.00",6.00,15.00,crop_protection,herbicide,sprayer,Profoxydim,Aura,0.15,kg/ha,0.02,kg/t,2–3 leaves,1.00,0.00,0.00,1.00,0.00,0.00,1.00,0.00,0.00,0.00,0.00,0.00,1.00,27.89,0.16
C3_2022,JSendra,23.77,4.26,"2,022.00",6.00,15.00,crop_protection,herbicide,sprayer,Profoxydim,Aura,0.15,kg/ha,0.04,kg/t,2–3 leaves,1.00,0.00,0.00,1.00,0.00,0.00,1.00,0.00,0.00,0.00,0.00,0.00,1.00,23.77,0.23
C3_2022,Sprint,26.31,4.99,"2,022.00",6.00,15.00,crop_protection,herbicide,sprayer,Methyl oleate + methyl palmitate,Dash HC,0.16,kg/ha,0.03,kg/t,2–3 leaves,1.00,0.00,0.00,1.00,0.00,0.00,1.00,0.00,0.00,0.00,0.00,0.00,1.00,26.31,0.20
C3_2022,Telemaco,36.57,2.36,"2,022.00",6.00,15.00,crop_protection,herbicide,sprayer,Methyl oleate + methyl palmitate,Dash HC,0.16,kg/ha,0.07,kg/t,2–3 leaves,1.00,0.00,0.00,1.00,0.00,0.00,1.00,0.00,0.00,0.00,0.00,0.00,1.00,36.57,0.42
C3_2022,Selénio,27.89,6.36,"2,022.00",6.00,15.00,crop_protection,herbicide,sprayer,Methyl oleate + methyl palmitate,Dash HC,0.16,kg/ha,0.02,kg/t,2–3 leaves,1.00,0.00,0.00,1.00,0.00,0.00,1.00,0.00,0.00,0.00,0.00,0.00,1.00,27.89,0.16
C3_2022,JSendra,23.77,4.26,"2,022.00",6.00,15.00,crop_protection,herbicide,sprayer,Methyl oleate + methyl palmitate,Dash HC,0.16,kg/ha,0.04,kg/t,2–3 leaves,1.00,0.00,0.00,1.00,0.00,0.00,1.00,0.00,0.00,0.00,0.00,0.00,1.00,23.77,0.23
C3_2022,Sprint,26.31,4.99,"2,022.00",6.00,15.00,crop_protection,herbicide,sprayer,Florpyrauxifen-benzyl,Loyant,0.03,kg/ha,0.01,kg/t,2–3 leaves,0.00,0.00,0.00,0.00,0.00,1.00,1.00,0.00,0.00,0.00,0.00,0.00,1.00,26.31,0.20
C3_2022,Telemaco,36.57,2.36,"2,022.00",6.00,15.00,crop_protection,herbicide,sprayer,Florpyrauxifen-benzyl,Loyant,0.03,kg/ha,0.01,kg/t,2–3 leaves,0.00,0.00,0.00,0.00,0.00,1.00,1.00,0.00,0.00,0.00,0.00,0.00,1.00,36.57,0.42
C3_2022,Selénio,27.89,6.36,"2,022.00",6.00,15.00,crop_protection,herbicide,sprayer,Florpyrauxifen-benzyl,Loyant,0.03,kg/ha,0.00,kg/t,2–3 leaves,0.00,0.00,0.00,0.00,0.00,1.00,1.00,0.00,0.00,0.00,0.00,0.00,1.00,27.89,0.16
C3_2022,JSendra,23.77,4.26,"2,022.00",6.00,15.00,crop_protection,herbicide,sprayer,Florpyrauxifen-benzyl,Loyant,0.03,kg/ha,0.01,kg/t,2–3 leaves,0.00,0.00,0.00,0.00,0.00,1.00,1.00,0.00,0.00,0.00,0.00,0.00,1.00,23.77,0.23
C3_2022,Sprint,4.60,4.99,"2,022.00",6.00,22.00,crop_protection,herbicide,sprayer,Bispyribac-sodium,Nominee,0.03,kg/ha,0.01,kg/t,2–3 leaves,1.00,0.00,0.00,0.00,0.00,0.00,1.00,0.00,0.00,0.00,0.00,0.00,1.00,4.60,0.20
C3_2022,Telemaco,6.40,2.36,"2,022.00",6.00,22.00,crop_protection,herbicide,sprayer,Bispyribac-sodium,Nominee,0.03,kg/ha,0.01,kg/t,2–3 leaves,1.00,0.00,0.00,0.00,0.00,0.00,1.00,0.00,0.00,0.00,0.00,0.00,1.00,6.40,0.42
C3_2022,Selénio,4.90,6.36,"2,022.00",6.00,22.00,crop_protection,herbicide,sprayer,Bispyribac-sodium,Nominee,0.03,kg/ha,0.00,kg/t,2–3 leaves,1.00,0.00,0.00,0.00,0.00,0.00,1.00,0.00,0.00,0.00,0.00,0.00,1.00,4.90,0.16
C3_2022,JSendra,4.10,4.26,"2,022.00",6.00,22.00,crop_protection,herbicide,sprayer,Bispyribac-sodium,Nominee,0.03,kg/ha,0.01,kg/t,2–3 leaves,1.00,0.00,0.00,0.00,0.00,0.00,1.00,0.00,0.00,0.00,0.00,0.00,1.00,4.10,0.23
C3_2022,Sprint,1.80,4.99,"2,022.00",6.00,22.00,crop_protection,herbicide,sprayer,Azimsulfuron,Gulliver,0.04,kg/ha,0.01,kg/t,2–3 leaves,0.00,0.00,0.00,0.00,0.00,1.00,1.00,0.00,0.00,0.00,0.00,0.00,1.00,1.80,0.20
C3_2022,Telemaco,2.60,2.36,"2,022.00",6.00,22.00,crop_protection,herbicide,sprayer,Azimsulfuron,Gulliver,0.04,kg/ha,0.02,kg/t,2–3 leaves,0.00,0.00,0.00,0.00,0.00,1.00,1.00,0.00,0.00,0.00,0.00,0.00,1.00,2.60,0.42
C3_2022,Selénio,1.90,6.36,"2,022.00",6.00,22.00,crop_protection,herbicide,sprayer,Azimsulfuron,Gulliver,0.04,kg/ha,0.01,kg/t,2–3 leaves,0.00,0.00,0.00,0.00,0.00,1.00,1.00,0.00,0.00,0.00,0.00,0.00,1.00,1.90,0.16
C3_2022,JSendra,1.70,4.26,"2,022.00",6.00,22.00,crop_protection,herbicide,sprayer,Azimsulfuron,Gulliver,0.04,kg/ha,0.01,kg/t,2–3 leaves,0.00,0.00,0.00,0.00,0.00,1.00,1.00,0.00,0.00,0.00,0.00,0.00,1.00,1.70,0.23
C3_2022,Sprint,6.90,4.99,"2,022.00",7.00,1.00,crop_protection,herbicide,sprayer,MCPA,Herbinexa,0.50,kg/ha,0.10,kg/t,2–3 leaves,0.00,0.00,0.00,0.00,0.00,1.00,1.00,0.00,0.00,0.00,0.00,0.00,1.00,6.90,0.20
C3_2022,Telemaco,9.60,2.36,"2,022.00",7.00,1.00,crop_protection,herbicide,sprayer,MCPA,Herbinexa,0.50,kg/ha,0.21,kg/t,2–3 leaves,0.00,0.00,0.00,0.00,0.00,1.00,1.00,0.00,0.00,0.00,0.00,0.00,1.00,9.60,0.42
C3_2022,Selénio,7.30,6.36,"2,022.00",7.00,1.00,crop_protection,herbicide,sprayer,MCPA,Herbinexa,0.50,kg/ha,0.08,kg/t,2–3 leaves,0.00,0.00,0.00,0.00,0.00,1.00,1.00,0.00,0.00,0.00,0.00,0.00,1.00,7.30,0.16
C3_2022,JSendra,6.20,4.26,"2,022.00",7.00,1.00,crop_protection,herbicide,sprayer,MCPA,Herbinexa,0.50,kg/ha,0.12,kg/t,2–3 leaves,0.00,0.00,0.00,0.00,0.00,1.00,1.00,0.00,0.00,0.00,0.00,0.00,1.00,6.20,0.23
C3_2022,Sprint,26.31,4.99,"2,022.00",7.00,1.00,crop_protection,herbicide,sprayer,Bentazone,Baza,0.96,kg/ha,0.19,kg/t,2–3 leaves,0.00,0.00,0.00,0.00,0.00,1.00,1.00,0.00,0.00,0.00,0.00,0.00,1.00,26.31,0.20
C3_2022,Telemaco,36.57,2.36,"2,022.00",7.00,1.00,crop_protection,herbicide,sprayer,Bentazone,Baza,0.96,kg/ha,0.41,kg/t,2–3 leaves,0.00,0.00,0.00,0.00,0.00,1.00,1.00,0.00,0.00,0.00,0.00,0.00,1.00,36.57,0.42
C3_2022,Selénio,27.89,6.36,"2,022.00",7.00,1.00,crop_protection,herbicide,sprayer,Bentazone,Baza,0.96,kg/ha,0.15,kg/t,2–3 leaves,0.00,0.00,0.00,0.00,0.00,1.00,1.00,0.00,0.00,0.00,0.00,0.00,1.00,27.89,0.16
C3_2022,JSendra,23.77,4.26,"2,022.00",7.00,1.00,crop_protection,herbicide,sprayer,Bentazone,Baza,0.96,kg/ha,0.23,kg/t,2–3 leaves,0.00,0.00,0.00,0.00,0.00,1.00,1.00,0.00,0.00,0.00,0.00,0.00,1.00,23.77,0.23
C3_2023,Selénio,4.50,4.07,"2,023.00",6.00,12.00,crop_protection,herbicide,sprayer,Sodium lauryl ether diglycol sulfate,Biopower,0.14,kg/ha,0.03,kg/t,2–3 leaves,0.00,0.00,0.00,0.00,0.00,0.00,1.00,0.00,0.00,0.00,0.00,0.00,1.00,4.50,0.25
C3_2023,Telemaco,4.50,3.88,"2,023.00",6.00,12.00,crop_protection,herbicide,sprayer,Sodium lauryl ether diglycol sulfate,Biopower,0.14,kg/ha,0.04,kg/t,2–3 leaves,0.00,0.00,0.00,0.00,0.00,0.00,1.00,0.00,0.00,0.00,0.00,0.00,1.00,4.50,0.26
C3_2023,Selénio,38.96,4.07,"2,023.00",6.00,12.00,crop_protection,herbicide,sprayer,Bispyribac-sodium,Nominee,0.03,kg/ha,0.01,kg/t,2–3 leaves,1.00,0.00,0.00,0.00,0.00,0.00,1.00,0.00,0.00,0.00,0.00,0.00,1.00,38.96,0.25
C3_2023,Telemaco,38.89,3.88,"2,023.00",6.00,12.00,crop_protection,herbicide,sprayer,Bispyribac-sodium,Nominee,0.03,kg/ha,0.01,kg/t,2–3 leaves,1.00,0.00,0.00,0.00,0.00,0.00,1.00,0.00,0.00,0.00,0.00,0.00,1.00,38.89,0.26
C3_2023,Leonardo,34.38,9.61,"2,023.00",6.00,12.00,crop_protection,herbicide,sprayer,Bispyribac-sodium,Nominee,0.03,kg/ha,0.00,kg/t,2–3 leaves,1.00,0.00,0.00,0.00,0.00,0.00,1.00,0.00,0.00,0.00,0.00,0.00,1.00,34.38,0.10
C3_2023,Selénio,38.96,4.07,"2,023.00",6.00,12.00,crop_protection,herbicide,sprayer,Florpyrauxifen-benzyl,Loyant,0.03,kg/ha,0.01,kg/t,2–3 leaves,0.00,0.00,0.00,0.00,0.00,1.00,1.00,0.00,0.00,0.00,0.00,0.00,1.00,38.96,0.25
C3_2023,Telemaco,38.89,3.88,"2,023.00",6.00,12.00,crop_protection,herbicide,sprayer,Florpyrauxifen-benzyl,Loyant,0.03,kg/ha,0.01,kg/t,2–3 leaves,0.00,0.00,0.00,0.00,0.00,1.00,1.00,0.00,0.00,0.00,0.00,0.00,1.00,38.89,0.26
C3_2023,Leonardo,34.38,9.61,"2,023.00",6.00,12.00,crop_protection,herbicide,sprayer,Florpyrauxifen-benzyl,Loyant,0.03,kg/ha,0.00,kg/t,2–3 leaves,0.00,0.00,0.00,0.00,0.00,1.00,1.00,0.00,0.00,0.00,0.00,0.00,1.00,34.38,0.10
C3_2023,Selénio,38.96,4.07,"2,023.00",6.00,16.00,crop_protection,herbicide,sprayer,Methyl oleate + methyl palmitate,Dash HC,0.16,kg/ha,0.04,kg/t,2–3 leaves,1.00,0.00,0.00,0.00,0.00,0.00,1.00,0.00,0.00,0.00,0.00,0.00,1.00,38.96,0.25
C3_2023,Telemaco,38.89,3.88,"2,023.00",6.00,16.00,crop_protection,herbicide,sprayer,Methyl oleate + methyl palmitate,Dash HC,0.16,kg/ha,0.04,kg/t,2–3 leaves,1.00,0.00,0.00,0.00,0.00,0.00,1.00,0.00,0.00,0.00,0.00,0.00,1.00,38.89,0.26
C3_2023,Leonardo,34.38,9.61,"2,023.00",6.00,16.00,crop_protection,herbicide,sprayer,Methyl oleate + methyl palmitate,Dash HC,0.16,kg/ha,0.02,kg/t,2–3 leaves,1.00,0.00,0.00,0.00,0.00,0.00,1.00,0.00,0.00,0.00,0.00,0.00,1.00,34.38,0.10
C3_2023,Selénio,38.96,4.07,"2,023.00",6.00,16.00,crop_protection,herbicide,sprayer,Profoxydim,Aura,0.15,kg/ha,0.04,kg/t,2–3 leaves,1.00,0.00,0.00,1.00,0.00,0.00,1.00,0.00,0.00,0.00,0.00,0.00,1.00,38.96,0.25
C3_2023,Telemaco,38.89,3.88,"2,023.00",6.00,16.00,crop_protection,herbicide,sprayer,Profoxydim,Aura,0.15,kg/ha,0.04,kg/t,2–3 leaves,1.00,0.00,0.00,1.00,0.00,0.00,1.00,0.00,0.00,0.00,0.00,0.00,1.00,38.89,0.26
C3_2023,Leonardo,34.38,9.61,"2,023.00",6.00,16.00,crop_protection,herbicide,sprayer,Profoxydim,Aura,0.15,kg/ha,0.02,kg/t,2–3 leaves,1.00,0.00,0.00,1.00,0.00,0.00,1.00,0.00,0.00,0.00,0.00,0.00,1.00,34.38,0.10
C3_2023,Selénio,38.96,4.07,"2,023.00",6.00,16.00,crop_protection,herbicide,sprayer,Florpyrauxifen-benzyl,Loyant,0.03,kg/ha,0.01,kg/t,2–3 leaves,0.00,0.00,0.00,0.00,0.00,1.00,1.00,0.00,0.00,0.00,0.00,0.00,1.00,38.96,0.25
C3_2023,Telemaco,38.89,3.88,"2,023.00",6.00,16.00,crop_protection,herbicide,sprayer,Florpyrauxifen-benzyl,Loyant,0.03,kg/ha,0.01,kg/t,2–3 leaves,0.00,0.00,0.00,0.00,0.00,1.00,1.00,0.00,0.00,0.00,0.00,0.00,1.00,38.89,0.26
C3_2023,Leonardo,34.38,9.61,"2,023.00",6.00,16.00,crop_protection,herbicide,sprayer,Florpyrauxifen-benzyl,Loyant,0.03,kg/ha,0.00,kg/t,2–3 leaves,0.00,0.00,0.00,0.00,0.00,1.00,1.00,0.00,0.00,0.00,0.00,0.00,1.00,34.38,0.10
C3_2023,Selénio,38.96,4.07,"2,023.00",8.00,1.00,crop_protection,pesticide,sprayer,Flonicamid,Afinto,0.12,kg/ha,0.03,kg/t,Panicle emergence (heading),0.00,0.00,0.00,0.00,0.00,0.00,0.00,0.00,1.00,0.00,0.00,0.00,1.00,38.96,0.25
C3_2024,Selénio,20.00,3.81,"2,024.00",6.00,12.00,crop_protection,herbicide,sprayer,Methyl oleate + methyl palmitate,Dash HC,0.16,kg/ha,0.04,kg/t,2–3 leaves,0.00,0.00,0.00,0.00,0.00,0.00,1.00,0.00,0.00,0.00,0.00,0.00,1.00,20.00,0.26
C3_2024,Sintra,39.21,4.54,"2,024.00",6.00,12.00,crop_protection,herbicide,sprayer,Methyl oleate + methyl palmitate,Dash HC,0.16,kg/ha,0.03,kg/t,2–3 leaves,0.00,0.00,0.00,0.00,0.00,0.00,1.00,0.00,0.00,0.00,0.00,0.00,1.00,39.21,0.22
C3_2024,Ronaldo,5.52,7.90,"2,024.00",6.00,12.00,crop_protection,herbicide,sprayer,Methyl oleate + methyl palmitate,Dash HC,0.16,kg/ha,0.02,kg/t,2–3 leaves,0.00,0.00,0.00,0.00,0.00,0.00,1.00,0.00,0.00,0.00,0.00,0.00,1.00,5.52,0.13
C3_2024,Jsendra,23.77,2.73,"2,024.00",6.00,12.00,crop_protection,herbicide,sprayer,Methyl oleate + methyl palmitate,Dash HC,0.16,kg/ha,0.06,kg/t,2–3 leaves,0.00,0.00,0.00,0.00,0.00,0.00,1.00,0.00,0.00,0.00,0.00,0.00,1.00,23.77,0.37
C3_2024,Selénio,20.00,3.81,"2,024.00",6.00,12.00,crop_protection,herbicide,sprayer,Profoxydim,Aura,0.15,kg/ha,0.04,kg/t,2–3 leaves,1.00,0.00,0.00,0.00,0.00,0.00,1.00,0.00,0.00,0.00,0.00,0.00,1.00,20.00,0.26
C3_2024,Sintra,39.21,4.54,"2,024.00",6.00,12.00,crop_protection,herbicide,sprayer,Profoxydim,Aura,0.15,kg/ha,0.03,kg/t,2–3 leaves,1.00,0.00,0.00,0.00,0.00,0.00,1.00,0.00,0.00,0.00,0.00,0.00,1.00,39.21,0.22
C3_2024,Ronaldo,5.52,7.90,"2,024.00",6.00,12.00,crop_protection,herbicide,sprayer,Profoxydim,Aura,0.15,kg/ha,0.02,kg/t,2–3 leaves,1.00,0.00,0.00,0.00,0.00,0.00,1.00,0.00,0.00,0.00,0.00,0.00,1.00,5.52,0.13
C3_2024,Jsendra,23.77,2.73,"2,024.00",6.00,12.00,crop_protection,herbicide,sprayer,Profoxydim,Aura,0.15,kg/ha,0.05,kg/t,2–3 leaves,1.00,0.00,0.00,0.00,0.00,0.00,1.00,0.00,0.00,0.00,0.00,0.00,1.00,23.77,0.37
C3_2024,Selénio,20.00,3.81,"2,024.00",6.00,12.00,crop_protection,herbicide,sprayer,Florpyrauxifen-benzyl,Loyant,0.03,kg/ha,0.01,kg/t,2–3 leaves,0.00,0.00,0.00,0.00,0.00,1.00,1.00,0.00,0.00,0.00,0.00,0.00,1.00,20.00,0.26
C3_2024,Sintra,39.21,4.54,"2,024.00",6.00,12.00,crop_protection,herbicide,sprayer,Florpyrauxifen-benzyl,Loyant,0.03,kg/ha,0.01,kg/t,2–3 leaves,0.00,0.00,0.00,0.00,0.00,1.00,1.00,0.00,0.00,0.00,0.00,0.00,1.00,39.21,0.22
C3_2024,Ronaldo,5.52,7.90,"2,024.00",6.00,12.00,crop_protection,herbicide,sprayer,Florpyrauxifen-benzyl,Loyant,0.03,kg/ha,0.00,kg/t,2–3 leaves,0.00,0.00,0.00,0.00,0.00,1.00,1.00,0.00,0.00,0.00,0.00,0.00,1.00,5.52,0.13
C3_2024,Jsendra,23.77,2.73,"2,024.00",6.00,12.00,crop_protection,herbicide,sprayer,Florpyrauxifen-benzyl,Loyant,0.03,kg/ha,0.01,kg/t,2–3 leaves,0.00,0.00,0.00,0.00,0.00,1.00,1.00,0.00,0.00,0.00,0.00,0.00,1.00,23.77,0.37
C3_2024,Diva PV,23.70,8.96,"2,024.00",6.00,16.00,crop_protection,herbicide,sprayer,Methyl oleate + methyl palmitate,Dash HC,0.16,kg/ha,0.02,kg/t,2–3 leaves,1.00,0.00,0.00,0.00,0.00,0.00,1.00,0.00,0.00,0.00,0.00,0.00,1.00,23.70,0.11
C3_2024,Diva PV,23.70,8.96,"2,024.00",6.00,16.00,crop_protection,herbicide,sprayer,Cycloxydim,Verresta,0.25,kg/ha,0.03,kg/t,2–3 leaves,1.00,0.00,0.00,1.00,0.00,0.00,1.00,0.00,0.00,0.00,0.00,0.00,1.00,23.70,0.11
C3_2024,Diva PV,23.70,8.96,"2,024.00",6.00,16.00,crop_protection,herbicide,sprayer,Florpyrauxifen-benzyl,Loyant,0.03,kg/ha,0.00,kg/t,2–3 leaves,0.00,0.00,0.00,0.00,0.00,1.00,1.00,0.00,0.00,0.00,0.00,0.00,1.00,23.70,0.11
C3_2024,Diva PV,23.70,8.96,"2,024.00",7.00,3.00,crop_protection,herbicide,sprayer,Methyl oleate + methyl palmitate,Dash HC,0.16,kg/ha,0.02,kg/t,2–3 leaves,1.00,0.00,0.00,0.00,0.00,0.00,1.00,0.00,0.00,0.00,0.00,0.00,1.00,23.70,0.11
C3_2024,Diva PV,23.70,8.96,"2,024.00",7.00,3.00,crop_protection,herbicide,sprayer,Cycloxydim,Verresta,0.25,kg/ha,0.03,kg/t,2–3 leaves,1.00,0.00,0.00,1.00,0.00,0.00,1.00,0.00,0.00,0.00,0.00,0.00,1.00,23.70,0.11
C3_2024,Diva PV,23.70,8.96,"2,024.00",7.00,3.00,crop_protection,herbicide,sprayer,Florpyrauxifen-benzyl,Loyant,0.03,kg/ha,0.00,kg/t,2–3 leaves,0.00,0.00,0.00,0.00,0.00,1.00,1.00,0.00,0.00,0.00,0.00,0.00,1.00,23.70,0.11
C3_2024,Selénio,20.00,3.81,"2,024.00",8.00,10.00,crop_protection,fungicide,sprayer,Trifloxystrobin,Flint,0.25,kg/ha,0.07,kg/t,Panicle emergence (heading),0.00,0.00,1.00,0.00,0.00,0.00,0.00,0.00,0.00,0.00,0.00,0.00,1.00,20.00,0.26
C4_2022,Ronaldo,19.21,3.62,"2,022.00",6.00,20.00,crop_protection,herbicide,sprayer,Profoxydim,Aura,0.15,kg/ha,0.04,kg/t,4 leaves,1.00,0.00,0.00,0.00,0.00,0.00,1.00,0.00,0.00,0.00,0.00,0.00,1.00,19.21,0.28
C4_2022,Ronaldo,19.21,3.62,"2,022.00",6.00,20.00,crop_protection,herbicide,sprayer,Methyl oleate + methyl palmitate,Dash HC,0.16,kg/ha,0.04,kg/t,4 leaves,1.00,0.00,0.00,0.00,0.00,0.00,1.00,0.00,0.00,0.00,0.00,0.00,1.00,19.21,0.28
C4_2022,Ronaldo,19.21,3.62,"2,022.00",6.00,20.00,crop_protection,herbicide,sprayer,Florpyrauxifen-benzyl,Loyant,0.03,kg/ha,0.01,kg/t,4 leaves,0.00,0.00,0.00,0.00,0.00,1.00,1.00,0.00,0.00,0.00,0.00,0.00,1.00,19.21,0.28
C4_2022,Ronaldo,19.21,3.62,"2,022.00",6.00,20.00,crop_protection,herbicide,sprayer,MCPA,Herbinexa,0.50,kg/ha,0.14,kg/t,4 leaves,0.00,0.00,0.00,0.00,0.00,1.00,1.00,0.00,0.00,0.00,0.00,0.00,1.00,19.21,0.28
C4_2022,Ronaldo,19.21,3.62,"2,022.00",6.00,20.00,crop_protection,herbicide,sprayer,Bentazone,Kaos,1.92,kg/ha,0.53,kg/t,4 leaves,0.00,0.00,0.00,0.00,0.00,1.00,1.00,0.00,0.00,0.00,0.00,0.00,1.00,19.21,0.28
C4_2022,Ronaldo,19.21,3.62,"2,022.00",6.00,27.00,crop_protection,herbicide,sprayer,Cycloxydim,Verresta,0.25,kg/ha,0.07,kg/t,4 leaves,1.00,0.00,0.00,1.00,0.00,0.00,1.00,0.00,0.00,0.00,0.00,0.00,1.00,19.21,0.28
C4_2022,Ronaldo,19.21,3.62,"2,022.00",6.00,27.00,crop_protection,herbicide,sprayer,Methyl oleate + methyl palmitate,Dash HC,0.16,kg/ha,0.04,kg/t,4 leaves,1.00,0.00,0.00,1.00,0.00,0.00,1.00,0.00,0.00,0.00,0.00,0.00,1.00,19.21,0.28
C4_2022,Ronaldo,19.21,3.62,"2,022.00",7.00,21.00,crop_protection,herbicide,sprayer,Cycloxydim,Verresta,0.25,kg/ha,0.07,kg/t,4 leaves,1.00,0.00,0.00,1.00,0.00,0.00,1.00,0.00,0.00,0.00,0.00,0.00,1.00,19.21,0.28
C4_2022,Ronaldo,19.21,3.62,"2,022.00",7.00,21.00,crop_protection,herbicide,sprayer,Methyl oleate + methyl palmitate,Dash HC,0.16,kg/ha,0.04,kg/t,4 leaves,1.00,0.00,0.00,1.00,0.00,0.00,1.00,0.00,0.00,0.00,0.00,0.00,1.00,19.21,0.28
C4_2023,PVL 136 IT,5.76,9.57,"2,023.00",6.00,3.00,crop_protection,herbicide,sprayer,Cycloxydim,Verresta,0.25,kg/ha,0.03,kg/t,2–3 leaves,0.00,0.00,0.00,1.00,1.00,0.00,1.00,0.00,0.00,0.00,0.00,0.00,1.00,5.76,0.10
C4_2023,PVL 136 IT,5.76,9.57,"2,023.00",6.00,3.00,crop_protection,herbicide,sprayer,Methyl oleate + methyl palmitate,Dash HC,0.16,kg/ha,0.02,kg/t,2–3 leaves,0.00,0.00,0.00,1.00,1.00,0.00,1.00,0.00,0.00,0.00,0.00,0.00,1.00,5.76,0.10
C4_2023,PVL 136 IT,5.76,9.57,"2,023.00",6.00,4.00,crop_protection,herbicide,sprayer,Florpyrauxifen-benzyl,Loyant,0.03,kg/ha,0.00,kg/t,2–3 leaves,0.00,0.00,0.00,0.00,0.00,1.00,1.00,0.00,0.00,0.00,0.00,0.00,1.00,5.76,0.10
C4_2023,Luna CL,18.08,2.89,"2,023.00",6.00,4.00,crop_protection,herbicide,sprayer,Florpyrauxifen-benzyl,Loyant,0.03,kg/ha,0.01,kg/t,2–3 leaves,0.00,0.00,0.00,0.00,0.00,1.00,1.00,0.00,0.00,0.00,0.00,0.00,1.00,18.08,0.35
C4_2023,Luna CL,18.08,2.89,"2,023.00",6.00,20.00,crop_protection,herbicide,sprayer,Imazamox,Beyond,0.04,kg/ha,0.01,kg/t,2–3 leaves,0.00,0.00,0.00,1.00,0.00,0.00,1.00,0.00,0.00,0.00,0.00,0.00,1.00,18.08,0.35
C4_2023,PVL 136 IT,5.76,9.57,"2,023.00",6.00,21.00,crop_protection,herbicide,sprayer,Cycloxydim,Verresta,0.25,kg/ha,0.03,kg/t,4–5 leaves,0.00,0.00,0.00,0.00,0.00,0.00,1.00,0.00,0.00,0.00,0.00,0.00,1.00,5.76,0.10
C4_2023,PVL 136 IT,5.76,9.57,"2,023.00",6.00,21.00,crop_protection,herbicide,sprayer,Methyl oleate + methyl palmitate,Dash HC,0.16,kg/ha,0.02,kg/t,4–5 leaves,0.00,0.00,0.00,0.00,0.00,0.00,1.00,0.00,0.00,0.00,0.00,0.00,1.00,5.76,0.10
C4_2023,PVL 136 IT,5.76,9.57,"2,023.00",6.00,28.00,crop_protection,pesticide,sprayer,Bacillus thuringiensis,Dipel DF,0.54,kg/ha,0.06,kg/t,4–5 leaves,0.00,0.00,0.00,0.00,0.00,0.00,0.00,0.00,0.00,1.00,0.00,0.00,1.00,5.76,0.10
C4_2024,Formula PV,8.57,7.67,"2,024.00",5.00,27.00,crop_protection,herbicide,sprayer,Cycloxydim,Verresta,0.25,kg/ha,0.03,kg/t,1–3 leaves,0.00,0.00,0.00,1.00,1.00,0.00,1.00,0.00,0.00,0.00,0.00,0.00,1.00,8.57,0.13
C4_2024,Formula PV,8.57,7.67,"2,024.00",5.00,27.00,crop_protection,herbicide,sprayer,Methyl oleate + methyl palmitate,Dash HC,0.16,kg/ha,0.02,kg/t,1–3 leaves,1.00,0.00,0.00,0.00,0.00,0.00,1.00,0.00,0.00,0.00,0.00,0.00,1.00,8.57,0.13
C4_2024,Formula PV,8.57,7.67,"2,024.00",5.00,27.00,crop_protection,herbicide,sprayer,Florpyrauxifen-benzyl,Loyant,0.03,kg/ha,0.00,kg/t,1–3 leaves,0.00,1.00,0.00,0.00,0.00,1.00,1.00,0.00,0.00,0.00,0.00,0.00,1.00,8.57,0.13
C4_2024,Diva PV,15.30,8.61,"2,024.00",5.00,27.00,crop_protection,herbicide,sprayer,Cycloxydim,Verresta,0.25,kg/ha,0.03,kg/t,1–3 leaves,0.00,0.00,0.00,1.00,1.00,0.00,1.00,0.00,0.00,0.00,0.00,0.00,1.00,15.30,0.12
C4_2024,Diva PV,15.30,8.61,"2,024.00",5.00,27.00,crop_protection,herbicide,sprayer,Methyl oleate + methyl palmitate,Dash HC,0.16,kg/ha,0.02,kg/t,1–3 leaves,1.00,0.00,0.00,0.00,0.00,0.00,1.00,0.00,0.00,0.00,0.00,0.00,1.00,15.30,0.12
C4_2024,Diva PV,15.30,8.61,"2,024.00",5.00,27.00,crop_protection,herbicide,sprayer,Florpyrauxifen-benzyl,Loyant,0.03,kg/ha,0.00,kg/t,1–3 leaves,0.00,1.00,0.00,0.00,0.00,1.00,1.00,0.00,0.00,0.00,0.00,0.00,1.00,15.30,0.12
C4_2024,Diva PV,15.30,8.61,"2,024.00",6.00,14.00,crop_protection,herbicide,sprayer,Cycloxydim,Verresta,0.25,kg/ha,0.03,kg/t,Tillering,0.00,0.00,0.00,1.00,1.00,0.00,1.00,0.00,0.00,0.00,0.00,0.00,1.00,15.30,0.12
C4_2024,Diva PV,15.30,8.61,"2,024.00",6.00,14.00,crop_protection,herbicide,sprayer,Methyl oleate + methyl palmitate,Dash HC,0.16,kg/ha,0.02,kg/t,Tillering,1.00,0.00,0.00,0.00,0.00,0.00,1.00,0.00,0.00,0.00,0.00,0.00,1.00,15.30,0.12
C4_2024,Diva PV,15.30,8.61,"2,024.00",6.00,14.00,crop_protection,herbicide,sprayer,Florpyrauxifen-benzyl,Loyant,0.03,kg/ha,0.00,kg/t,Tillering,0.00,1.00,0.00,0.00,0.00,1.00,1.00,0.00,0.00,0.00,0.00,0.00,1.00,15.30,0.12
C5_2022,Ronaldo,25.75,5.66,"2,022.00",5.00,20.00,crop_protection,herbicide,sprayer,Profoxydim,Aura,0.15,kg/ha,0.03,kg/t,4 leaves,0.00,0.00,0.00,0.00,0.00,0.00,1.00,0.00,0.00,0.00,0.00,0.00,1.00,25.75,0.18
C5_2022,Ronaldo,25.75,5.66,"2,022.00",5.00,20.00,crop_protection,herbicide,sprayer,Methyl oleate + methyl palmitate,Dash HC,0.16,kg/ha,0.03,kg/t,4 leaves,0.00,0.00,0.00,0.00,0.00,0.00,1.00,0.00,0.00,0.00,0.00,0.00,1.00,25.75,0.18
C5_2022,Ronaldo,25.75,5.66,"2,022.00",5.00,20.00,crop_protection,herbicide,sprayer,Florpyrauxifen-benzyl,Loyant,0.03,kg/ha,0.01,kg/t,4 leaves,1.00,0.00,0.00,0.00,0.00,0.00,1.00,0.00,0.00,0.00,0.00,0.00,1.00,25.75,0.18
C5_2022,PVL 136 IT,10.00,6.83,"2,022.00",5.00,21.00,crop_protection,herbicide,sprayer,Cycloxydim,Verresta,0.25,kg/ha,0.04,kg/t,2–3 leaves,0.00,0.00,0.00,0.00,0.00,0.00,1.00,0.00,0.00,0.00,0.00,0.00,1.00,10.00,0.15
C5_2022,PVL 136 IT,10.00,6.83,"2,022.00",5.00,21.00,crop_protection,herbicide,sprayer,Methyl oleate + methyl palmitate,Dash HC,0.16,kg/ha,0.02,kg/t,2–3 leaves,0.00,1.00,0.00,0.00,0.00,1.00,1.00,0.00,0.00,0.00,0.00,0.00,1.00,10.00,0.15
C5_2022,Ronaldo,25.75,5.66,"2,022.00",5.00,25.00,crop_protection,herbicide,sprayer,Clomazona ,Command,0.36,kg/ha,0.06,kg/t,Pre-emergence,1.00,0.00,0.00,1.00,0.00,0.00,1.00,0.00,0.00,0.00,0.00,0.00,1.00,25.75,0.18
C5_2022,PVL 136 IT,10.00,6.83,"2,022.00",5.00,25.00,crop_protection,herbicide,sprayer,Benzobicyclon,Avanza,0.30,kg/ha,0.04,kg/t,Pre-sowing,0.00,0.00,0.00,0.00,0.00,0.00,1.00,0.00,0.00,0.00,0.00,0.00,1.00,10.00,0.15
C5_2023,PVL 136 IT,14.00,5.29,"2,023.00",6.00,2.00,crop_protection,herbicide,sprayer,Cycloxydim,Verresta,0.25,kg/ha,0.05,kg/t,1–3 leaves,0.00,0.00,0.00,0.00,1.00,0.00,1.00,0.00,0.00,0.00,0.00,0.00,1.00,14.00,0.19
C5_2023,PVL 136 IT,14.00,5.29,"2,023.00",6.00,2.00,crop_protection,herbicide,sprayer,Methyl oleate + methyl palmitate,Dash HC,0.16,kg/ha,0.03,kg/t,1–3 leaves,0.00,0.00,0.00,0.00,1.00,0.00,1.00,0.00,0.00,0.00,0.00,0.00,1.00,14.00,0.19
C5_2023,Luna CL,21.44,6.69,"2,023.00",6.00,4.00,crop_protection,herbicide,sprayer,Imazamox,Beyond,0.04,kg/ha,0.01,kg/t,Tillering (start),0.00,0.00,0.00,1.00,0.00,0.00,1.00,0.00,0.00,0.00,0.00,0.00,1.00,21.44,0.15
C5_2023,Luna CL,21.44,6.69,"2,023.00",6.00,4.00,crop_protection,herbicide,sprayer,Profoxydim,Aura,0.15,kg/ha,0.02,kg/t,Tillering (start),0.00,0.00,0.00,1.00,0.00,0.00,1.00,0.00,0.00,0.00,0.00,0.00,1.00,21.44,0.15
C5_2023,Luna CL,21.44,6.69,"2,023.00",6.00,4.00,crop_protection,herbicide,sprayer,Methyl oleate + methyl palmitate,Dash HC,0.16,kg/ha,0.02,kg/t,Tillering (start),0.00,0.00,0.00,1.00,0.00,0.00,1.00,0.00,0.00,0.00,0.00,0.00,1.00,21.44,0.15
C5_2023,Luna CL,21.44,6.69,"2,023.00",6.00,4.00,crop_protection,herbicide,sprayer,Florpyrauxifen-benzyl,Loyant,0.03,kg/ha,0.00,kg/t,Tillering (start),0.00,1.00,0.00,0.00,0.00,1.00,1.00,0.00,0.00,0.00,0.00,0.00,1.00,21.44,0.15
C5_2023,PVL 136 IT,14.00,5.29,"2,023.00",6.00,4.00,crop_protection,herbicide,sprayer,Florpyrauxifen-benzyl,Loyant,0.03,kg/ha,0.01,kg/t,Tillering (start),0.00,1.00,0.00,0.00,0.00,1.00,1.00,0.00,0.00,0.00,0.00,0.00,1.00,14.00,0.19
C5_2023,PVL 136 IT,8.00,5.29,"2,023.00",6.00,15.00,crop_protection,herbicide,sprayer,Cycloxydim,Verresta,0.25,kg/ha,0.05,kg/t,Tillering,0.00,0.00,0.00,1.00,1.00,0.00,1.00,0.00,0.00,0.00,0.00,0.00,1.00,8.00,0.19
C5_2023,PVL 136 IT,8.00,5.29,"2,023.00",6.00,15.00,crop_protection,herbicide,sprayer,Methyl oleate + methyl palmitate,Dash HC,0.16,kg/ha,0.03,kg/t,Tillering,0.00,0.00,0.00,1.00,1.00,0.00,1.00,0.00,0.00,0.00,0.00,0.00,1.00,8.00,0.19
C5_2023,Luna CL,12.11,6.69,"2,023.00",7.00,1.00,crop_protection,herbicide,sprayer,Bentazone,Benta,0.96,kg/ha,0.14,kg/t,Tillering,0.00,0.00,0.00,0.00,0.00,0.00,1.00,0.00,0.00,0.00,0.00,0.00,1.00,12.11,0.15
C5_2023,PVL 136 IT,8.89,5.29,"2,023.00",7.00,1.00,crop_protection,herbicide,sprayer,Bentazone,Benta,0.96,kg/ha,0.18,kg/t,Tillering,0.00,0.00,0.00,0.00,0.00,0.00,1.00,0.00,0.00,0.00,0.00,0.00,1.00,8.89,0.19
C5_2023,Luna CL,7.26,6.69,"2,023.00",7.00,1.00,crop_protection,herbicide,sprayer,MCPA,Herbinexa,0.50,kg/ha,0.07,kg/t,Tillering,0.00,0.00,0.00,0.00,0.00,1.00,1.00,0.00,0.00,0.00,0.00,0.00,1.00,7.26,0.15
C5_2023,PVL 136 IT,5.74,5.29,"2,023.00",7.00,1.00,crop_protection,herbicide,sprayer,MCPA,Herbinexa,0.50,kg/ha,0.09,kg/t,Tillering,0.00,0.00,0.00,0.00,0.00,1.00,1.00,0.00,0.00,0.00,0.00,0.00,1.00,5.74,0.19
C5_2024,Diva PV,20.19,6.25,"2,024.00",6.00,6.00,crop_protection,herbicide,sprayer,Cycloxydim,Verresta,0.25,kg/ha,0.04,kg/t,1–3 leaves,0.00,0.00,0.00,1.00,1.00,0.00,1.00,0.00,0.00,0.00,0.00,0.00,1.00,20.19,0.16
C5_2024,Diva PV,20.19,6.25,"2,024.00",6.00,6.00,crop_protection,herbicide,sprayer,Methyl oleate + methyl palmitate,Dash HC,0.16,kg/ha,0.03,kg/t,1–3 leaves,0.00,0.00,0.00,1.00,1.00,0.00,1.00,0.00,0.00,0.00,0.00,0.00,1.00,20.19,0.16
C5_2024,Diva PV,20.19,6.25,"2,024.00",6.00,6.00,crop_protection,herbicide,sprayer,Profoxydim,Aura,0.15,kg/ha,0.02,kg/t,1–3 leaves,0.00,0.00,0.00,1.00,0.00,0.00,1.00,0.00,0.00,0.00,0.00,0.00,1.00,20.19,0.16
C5_2024,Diva PV,20.19,6.25,"2,024.00",6.00,6.00,crop_protection,herbicide,sprayer,Methyl oleate + methyl palmitate,Dash HC,0.16,kg/ha,0.03,kg/t,1–3 leaves,0.00,0.00,0.00,1.00,0.00,0.00,1.00,0.00,0.00,0.00,0.00,0.00,1.00,20.19,0.16
C5_2024,Ronaldo,15.25,10.78,"2,024.00",6.00,21.00,crop_protection,herbicide,sprayer,Florpyrauxifen-benzyl,Loyant,0.03,kg/ha,0.00,kg/t,Tillering,0.00,1.00,0.00,0.00,0.00,1.00,1.00,0.00,0.00,0.00,0.00,0.00,1.00,15.25,0.09
C5_2024,Diva PV,20.19,6.25,"2,024.00",6.00,21.00,crop_protection,herbicide,sprayer,Florpyrauxifen-benzyl,Loyant,0.03,kg/ha,0.00,kg/t,Tillering,0.00,1.00,0.00,0.00,0.00,1.00,1.00,0.00,0.00,0.00,0.00,0.00,1.00,20.19,0.16
C5_2024,Ronaldo,15.25,10.78,"2,024.00",6.00,21.00,crop_protection,herbicide,sprayer,Cycloxydim,Verresta,0.25,kg/ha,0.02,kg/t,Tillering,0.00,0.00,0.00,1.00,1.00,0.00,1.00,0.00,0.00,0.00,0.00,0.00,1.00,15.25,0.09
C5_2024,Ronaldo,15.25,10.78,"2,024.00",6.00,21.00,crop_protection,herbicide,sprayer,Methyl oleate + methyl palmitate,Dash HC,0.16,kg/ha,0.01,kg/t,Tillering,0.00,0.00,0.00,1.00,1.00,0.00,1.00,0.00,0.00,0.00,0.00,0.00,1.00,15.25,0.09
C5_2024,Diva PV,12.11,6.25,"2,024.00",6.00,21.00,crop_protection,herbicide,sprayer,Bentazone,Kaos,1.92,kg/ha,0.31,kg/t,Tillering (end),0.00,0.00,0.00,1.00,1.00,0.00,1.00,0.00,0.00,0.00,0.00,0.00,1.00,12.11,0.16
C5_2024,Ronaldo,7.14,10.78,"2,024.00",6.00,21.00,crop_protection,herbicide,sprayer,Bentazone,Kaos,1.92,kg/ha,0.18,kg/t,Tillering (end),0.00,0.00,0.00,1.00,1.00,0.00,1.00,0.00,0.00,0.00,0.00,0.00,1.00,7.14,0.09
C5_2024,Diva PV,8.75,6.25,"2,024.00",6.00,21.00,crop_protection,herbicide,sprayer,MCPA,Herbinexa,0.50,kg/ha,0.08,kg/t,Tillering (end),0.00,0.00,0.00,0.00,0.00,0.00,1.00,0.00,0.00,0.00,0.00,0.00,1.00,8.75,0.16
C5_2024,Ronaldo,6.50,10.78,"2,024.00",6.00,21.00,crop_protection,herbicide,sprayer,MCPA,Herbinexa,0.50,kg/ha,0.05,kg/t,Tillering (end),0.00,0.00,0.00,0.00,0.00,0.00,1.00,0.00,0.00,0.00,0.00,0.00,1.00,6.50,0.09
C5_2024,Diva PV,9.81,6.25,"2,024.00",7.00,1.00,crop_protection,herbicide,sprayer,Cycloxydim,Verresta,0.25,kg/ha,0.04,kg/t,Tillering (end),0.00,0.00,0.00,0.00,0.00,1.00,1.00,0.00,0.00,0.00,0.00,0.00,1.00,9.81,0.16
C5_2024,Diva PV,9.81,6.25,"2,024.00",7.00,1.00,crop_protection,herbicide,sprayer,Methyl oleate + methyl palmitate,Dash HC,0.16,kg/ha,0.03,kg/t,Tillering (end),0.00,0.00,0.00,0.00,0.00,1.00,1.00,0.00,0.00,0.00,0.00,0.00,1.00,9.81,0.16
C6_2022,Ronaldo,73.11,2.15,"2,022.00",5.00,25.00,crop_protection,herbicide,sprayer,Clomazona ,Command,0.36,kg/ha,0.17,kg/t,Pre-emergence,0.00,0.00,0.00,0.00,0.00,0.00,1.00,0.00,0.00,0.00,0.00,0.00,1.00,73.11,0.46
C6_2022,Ronaldo,73.11,2.15,"2,022.00",6.00,25.00,crop_protection,herbicide,sprayer,Profoxydim,Aura,0.15,kg/ha,0.07,kg/t,2–3 leaves,1.00,0.00,0.00,0.00,0.00,0.00,1.00,0.00,0.00,0.00,0.00,0.00,1.00,73.11,0.46
C6_2022,Ronaldo,73.11,2.15,"2,022.00",6.00,25.00,crop_protection,herbicide,sprayer,Methyl oleate + methyl palmitate,Dash HC,0.16,kg/ha,0.07,kg/t,2–3 leaves,1.00,0.00,0.00,0.00,0.00,0.00,1.00,0.00,0.00,0.00,0.00,0.00,1.00,73.11,0.46
C6_2022,Ronaldo,45.00,2.15,"2,022.00",6.00,25.00,crop_protection,herbicide,sprayer,Florpyrauxifen-benzyl,Loyant,0.03,kg/ha,0.01,kg/t,2–3 leaves,0.00,0.00,0.00,0.00,0.00,1.00,1.00,0.00,0.00,0.00,0.00,0.00,1.00,45.00,0.46
C6_2022,Ronaldo,36.00,2.15,"2,022.00",7.00,1.00,crop_protection,herbicide,sprayer,Azimsulfuron,Gulliver,0.04,kg/ha,0.02,kg/t,2–3 leaves,1.00,0.00,0.00,0.00,0.00,0.00,1.00,0.00,0.00,0.00,0.00,0.00,1.00,36.00,0.46
C6_2022,Ronaldo,20.00,2.15,"2,022.00",7.00,1.00,crop_protection,herbicide,sprayer,MCPA,Herbinexa,0.50,kg/ha,0.23,kg/t,2–3 leaves,0.00,0.00,0.00,0.00,0.00,1.00,1.00,0.00,0.00,0.00,0.00,0.00,1.00,20.00,0.46
C6_2022,Ronaldo,11.60,2.15,"2,022.00",7.00,1.00,crop_protection,herbicide,sprayer,Bentazone,Baza,0.96,kg/ha,0.45,kg/t,2–3 leaves,0.00,0.00,0.00,0.00,0.00,1.00,1.00,0.00,0.00,0.00,0.00,0.00,1.00,11.60,0.46
C6_2022,Ronaldo,20.80,2.15,"2,022.00",7.00,25.00,crop_protection,pesticide,sprayer,Flonicamid,Teppeki,0.12,kg/ha,0.06,kg/t,Tillering,0.00,0.00,0.00,0.00,0.00,0.00,0.00,0.00,1.00,0.00,0.00,0.00,1.00,20.80,0.46
C6_2023,Ronaldo,3.75,2.88,"2,023.00",5.00,15.00,crop_protection,herbicide,sprayer,Glyphosate,Montana,1.08,kg/ha,0.38,kg/t,Pre-emergence,0.00,0.00,0.00,0.00,0.00,0.00,1.00,0.00,0.00,0.00,0.00,0.00,1.00,3.75,0.35
C6_2023,Leonardo,67.34,2.88,"2,023.00",5.00,15.00,crop_protection,herbicide,sprayer,Glyphosate,Montana,1.08,kg/ha,0.38,kg/t,Pre-emergence,0.00,0.00,0.00,0.00,0.00,0.00,1.00,0.00,0.00,0.00,0.00,0.00,1.00,67.34,0.35
C6_2023,Ronaldo,3.75,2.88,"2,023.00",6.00,6.00,crop_protection,herbicide,sprayer,Benzobicyclon,Avanza,0.30,kg/ha,0.10,kg/t,Pre-emergence,0.00,0.00,0.00,0.00,0.00,0.00,1.00,0.00,0.00,0.00,0.00,0.00,1.00,3.75,0.35
C6_2023,Leonardo,67.34,2.88,"2,023.00",6.00,6.00,crop_protection,herbicide,sprayer,Benzobicyclon,Avanza,0.30,kg/ha,0.10,kg/t,Pre-emergence,0.00,0.00,0.00,0.00,0.00,0.00,1.00,0.00,0.00,0.00,0.00,0.00,1.00,67.34,0.35
C6_2023,Ronaldo,3.75,2.88,"2,023.00",6.00,6.00,crop_protection,herbicide,sprayer,Profoxydim,Aura,0.15,kg/ha,0.05,kg/t,2–3 leaves,1.00,0.00,0.00,0.00,0.00,0.00,1.00,0.00,0.00,0.00,0.00,0.00,1.00,3.75,0.35
C6_2023,Leonardo,67.34,2.88,"2,023.00",6.00,6.00,crop_protection,herbicide,sprayer,Profoxydim,Aura,0.15,kg/ha,0.05,kg/t,2–3 leaves,1.00,0.00,0.00,0.00,0.00,0.00,1.00,0.00,0.00,0.00,0.00,0.00,1.00,67.34,0.35
C6_2023,Ronaldo,3.75,2.88,"2,023.00",6.00,6.00,crop_protection,herbicide,sprayer,Methyl oleate + methyl palmitate,Dash HC,0.16,kg/ha,0.05,kg/t,2–3 leaves,0.00,0.00,0.00,0.00,0.00,0.00,1.00,0.00,0.00,0.00,0.00,0.00,1.00,3.75,0.35
C6_2023,Leonardo,67.34,2.88,"2,023.00",6.00,6.00,crop_protection,herbicide,sprayer,Methyl oleate + methyl palmitate,Dash HC,0.16,kg/ha,0.05,kg/t,2–3 leaves,0.00,0.00,0.00,0.00,0.00,0.00,1.00,0.00,0.00,0.00,0.00,0.00,1.00,67.34,0.35
C6_2023,Ronaldo,3.75,2.88,"2,023.00",6.00,6.00,crop_protection,herbicide,sprayer,Florpyrauxifen-benzyl,Loyant,0.03,kg/ha,0.01,kg/t,2–3 leaves,0.00,0.00,0.00,0.00,0.00,1.00,1.00,0.00,0.00,0.00,0.00,0.00,1.00,3.75,0.35
C6_2023,Leonardo,67.34,2.88,"2,023.00",6.00,6.00,crop_protection,herbicide,sprayer,Florpyrauxifen-benzyl,Loyant,0.03,kg/ha,0.01,kg/t,2–3 leaves,0.00,0.00,0.00,0.00,0.00,1.00,1.00,0.00,0.00,0.00,0.00,0.00,1.00,67.34,0.35
C6_2023,Ronaldo,3.17,2.88,"2,023.00",7.00,10.00,crop_protection,pesticide,sprayer,Bacillus thuringiensis,Dipel DF,0.54,kg/ha,0.19,kg/t,Tillering (end),0.00,0.00,0.00,0.00,0.00,0.00,0.00,0.00,0.00,0.00,1.00,0.00,1.00,3.17,0.35
C6_2023,Leonardo,56.83,2.88,"2,023.00",7.00,10.00,crop_protection,pesticide,sprayer,Bacillus thuringiensis,Dipel DF,0.54,kg/ha,0.19,kg/t,Tillering (end),0.00,0.00,0.00,0.00,0.00,0.00,0.00,0.00,0.00,0.00,1.00,0.00,1.00,56.83,0.35
C6_2023,Ronaldo,3.08,2.88,"2,023.00",7.00,11.00,crop_protection,pesticide,sprayer,Flonicamid,Teppeki,0.12,kg/ha,0.04,kg/t,Tillering (start),0.00,0.00,0.00,0.00,0.00,0.00,0.00,0.00,1.00,0.00,0.00,0.00,1.00,3.08,0.35
C6_2023,Leonardo,55.22,2.88,"2,023.00",7.00,11.00,crop_protection,pesticide,sprayer,Flonicamid,Teppeki,0.12,kg/ha,0.04,kg/t,Tillering (start),0.00,0.00,0.00,0.00,0.00,0.00,0.00,0.00,1.00,0.00,0.00,0.00,1.00,55.22,0.35
C6_2024,Diva PV,54.22,7.25,"2,024.00",6.00,10.00,crop_protection,herbicide,sprayer,Florpyrauxifen-benzyl,Loyant,0.03,kg/ha,0.00,kg/t,2–3 leaves,1.00,0.00,0.00,1.00,0.00,0.00,1.00,0.00,0.00,0.00,0.00,0.00,1.00,54.22,0.14
C6_2024,Diva PV,54.22,7.25,"2,024.00",6.00,26.00,crop_protection,herbicide,sprayer,Cycloxydim,Verresta,0.25,kg/ha,0.03,kg/t,2–3 leaves,0.00,0.00,0.00,0.00,0.00,0.00,1.00,0.00,0.00,0.00,0.00,0.00,1.00,54.22,0.14
C6_2024,Diva PV,54.22,7.25,"2,024.00",6.00,26.00,crop_protection,herbicide,sprayer,Methyl oleate + methyl palmitate,Dash HC,0.16,kg/ha,0.02,kg/t,2–3 leaves,0.00,0.00,0.00,0.00,0.00,1.00,1.00,0.00,0.00,0.00,0.00,0.00,1.00,54.22,0.14
C6_2024,Diva PV,54.22,7.25,"2,024.00",7.00,10.00,crop_protection,herbicide,sprayer,Cycloxydim,Verresta,0.25,kg/ha,0.03,kg/t,5 leaves,1.00,0.00,0.00,0.00,0.00,0.00,1.00,0.00,0.00,0.00,0.00,0.00,1.00,54.22,0.14
C6_2024,Diva PV,54.22,7.25,"2,024.00",7.00,10.00,crop_protection,herbicide,sprayer,Methyl oleate + methyl palmitate,Dash HC,0.16,kg/ha,0.02,kg/t,5 leaves,0.00,0.00,0.00,0.00,0.00,0.00,1.00,0.00,0.00,0.00,0.00,0.00,1.00,54.22,0.14
C6_2024,Diva PV,54.22,7.25,"2,024.00",8.00,2.00,crop_protection,pesticide,sprayer,Bacillus thuringiensis,Dipel DF,0.54,kg/ha,0.07,kg/t,Tillering (end),0.00,0.00,0.00,0.00,0.00,0.00,0.00,0.00,0.00,0.00,1.00,0.00,1.00,54.22,0.14
C6_2024,Diva PV,1.25,7.25,"2,024.00",8.00,6.00,crop_protection,herbicide,sprayer,Bentazone,Kaos,1.92,kg/ha,0.26,kg/t,2–3 leaves,0.00,1.00,0.00,0.00,0.00,0.00,1.00,0.00,0.00,0.00,0.00,0.00,1.00,1.25,0.14
C7_2023,Ronaldo,31.24,6.98,"2,023.00",5.00,30.00,crop_protection,herbicide,sprayer,Glyphosate,Montana,1.08,kg/ha,0.15,kg/t,Stale seedbed,0.00,0.00,0.00,0.00,0.00,0.00,1.00,0.00,0.00,0.00,0.00,0.00,1.00,31.24,0.14
C7_2023,Elettra,6.09,4.96,"2,023.00",5.00,30.00,crop_protection,herbicide,sprayer,Glyphosate,Montana,1.08,kg/ha,0.22,kg/t,Stale seedbed,0.00,0.00,0.00,0.00,0.00,0.00,1.00,0.00,0.00,0.00,0.00,0.00,1.00,6.09,0.20
C7_2023,Ronaldo,31.24,6.98,"2,023.00",6.00,30.00,crop_protection,herbicide,sprayer,Bispyribac-sodium,Nominee,0.03,kg/ha,0.00,kg/t,2–3 leaves,1.00,0.00,0.00,0.00,0.00,0.00,1.00,0.00,0.00,0.00,0.00,0.00,1.00,31.24,0.14
C7_2023,Elettra,6.09,4.96,"2,023.00",6.00,30.00,crop_protection,herbicide,sprayer,Bispyribac-sodium,Nominee,0.03,kg/ha,0.01,kg/t,2–3 leaves,1.00,0.00,0.00,0.00,0.00,0.00,1.00,0.00,0.00,0.00,0.00,0.00,1.00,6.09,0.20
C7_2023,Ronaldo,31.24,6.98,"2,023.00",6.00,30.00,crop_protection,herbicide,sprayer,Florpyrauxifen-benzyl,Loyant,0.03,kg/ha,0.00,kg/t,2–3 leaves,0.00,0.00,0.00,0.00,0.00,1.00,1.00,0.00,0.00,0.00,0.00,0.00,1.00,31.24,0.14
C7_2023,Elettra,6.09,4.96,"2,023.00",6.00,30.00,crop_protection,herbicide,sprayer,Florpyrauxifen-benzyl,Loyant,0.03,kg/ha,0.01,kg/t,2–3 leaves,0.00,0.00,0.00,0.00,0.00,1.00,1.00,0.00,0.00,0.00,0.00,0.00,1.00,6.09,0.20
C7_2023,Ronaldo,31.24,6.98,"2,023.00",7.00,10.00,crop_protection,herbicide,sprayer,Bentazone,Baza,0.96,kg/ha,0.14,kg/t,Tillering (start),1.00,0.00,0.00,0.00,0.00,0.00,1.00,0.00,0.00,0.00,0.00,0.00,1.00,31.24,0.14
C7_2023,Elettra,6.09,4.96,"2,023.00",7.00,10.00,crop_protection,herbicide,sprayer,Bentazone,Baza,0.96,kg/ha,0.19,kg/t,Tillering (start),1.00,0.00,0.00,0.00,0.00,0.00,1.00,0.00,0.00,0.00,0.00,0.00,1.00,6.09,0.20
C7_2023,Ronaldo,31.24,6.98,"2,023.00",7.00,11.00,crop_protection,pesticide,sprayer,Flonicamid,Teppeki,0.12,kg/ha,0.02,kg/t,Tillering (start),0.00,0.00,0.00,0.00,0.00,0.00,1.00,0.00,0.00,0.00,0.00,0.00,1.00,31.24,0.14
C7_2023,Elettra,6.09,4.96,"2,023.00",7.00,11.00,crop_protection,pesticide,sprayer,Flonicamid,Teppeki,0.12,kg/ha,0.02,kg/t,Tillering (start),0.00,0.00,0.00,0.00,0.00,0.00,1.00,0.00,0.00,0.00,0.00,0.00,1.00,6.09,0.20
C7_2023,Ronaldo,31.24,6.98,"2,023.00",7.00,12.00,crop_protection,herbicide,sprayer,Profoxydim,Aura,0.15,kg/ha,0.02,kg/t,2–3 leaves,0.00,0.00,0.00,0.00,0.00,1.00,1.00,0.00,0.00,0.00,0.00,0.00,1.00,31.24,0.14
C7_2023,Elettra,6.09,4.96,"2,023.00",7.00,12.00,crop_protection,herbicide,sprayer,Profoxydim,Aura,0.15,kg/ha,0.03,kg/t,2–3 leaves,0.00,0.00,0.00,0.00,0.00,1.00,1.00,0.00,0.00,0.00,0.00,0.00,1.00,6.09,0.20
C7_2023,Ronaldo,31.24,6.98,"2,023.00",7.00,12.00,crop_protection,herbicide,sprayer,Methyl oleate + methyl palmitate,Dash HC,0.16,kg/ha,0.02,kg/t,2–3 leaves,0.00,0.00,0.00,1.00,0.00,0.00,1.00,0.00,0.00,0.00,0.00,0.00,1.00,31.24,0.14
C7_2023,Elettra,6.09,4.96,"2,023.00",7.00,12.00,crop_protection,herbicide,sprayer,Methyl oleate + methyl palmitate,Dash HC,0.16,kg/ha,0.03,kg/t,2–3 leaves,0.00,0.00,0.00,1.00,0.00,0.00,1.00,0.00,0.00,0.00,0.00,0.00,1.00,6.09,0.20
C7_2023,Ronaldo,31.24,6.98,"2,023.00",7.00,12.00,crop_protection,herbicide,sprayer,Florpyrauxifen-benzyl,Loyant,0.03,kg/ha,0.00,kg/t,2–3 leaves,0.00,0.00,0.00,0.00,0.00,0.00,0.00,0.00,1.00,0.00,0.00,0.00,1.00,31.24,0.14
C7_2023,Elettra,6.09,4.96,"2,023.00",7.00,12.00,crop_protection,herbicide,sprayer,Florpyrauxifen-benzyl,Loyant,0.03,kg/ha,0.01,kg/t,2–3 leaves,0.00,0.00,0.00,0.00,0.00,0.00,0.00,0.00,1.00,0.00,0.00,0.00,1.00,6.09,0.20
C7_2024,Ronaldo,22.45,4.42,"2,024.00",5.00,30.00,crop_protection,herbicide,sprayer,Glyphosate,Montana,1.08,kg/ha,0.24,kg/t,Pre-sowing,0.00,0.00,0.00,0.00,0.00,0.00,1.00,0.00,0.00,0.00,0.00,0.00,1.00,22.45,0.23
C7_2024,Caravela,14.90,3.93,"2,024.00",5.00,30.00,crop_protection,herbicide,sprayer,Glyphosate,Montana,1.08,kg/ha,0.28,kg/t,Pre-sowing,1.00,0.00,0.00,0.00,0.00,0.00,1.00,0.00,0.00,0.00,0.00,0.00,1.00,14.90,0.25
C7_2024,Ronaldo,22.45,4.42,"2,024.00",6.00,30.00,crop_protection,herbicide,sprayer,Bispyribac-sodium,Nominee,0.03,kg/ha,0.01,kg/t,2–3 leaves,0.00,0.00,0.00,0.00,0.00,1.00,1.00,0.00,0.00,0.00,0.00,0.00,1.00,22.45,0.23
C7_2024,Ronaldo,22.45,4.42,"2,024.00",6.00,30.00,crop_protection,herbicide,sprayer,Florpyrauxifen-benzyl,Loyant,0.03,kg/ha,0.01,kg/t,2–3 leaves,1.00,0.00,0.00,0.00,0.00,0.00,1.00,0.00,0.00,0.00,0.00,0.00,1.00,22.45,0.23
C7_2024,Caravela,14.90,3.93,"2,024.00",6.00,30.00,crop_protection,herbicide,sprayer,Florpyrauxifen-benzyl,Loyant,0.03,kg/ha,0.01,kg/t,2–3 leaves,0.00,0.00,0.00,0.00,0.00,0.00,1.00,0.00,0.00,0.00,0.00,0.00,1.00,14.90,0.25
C7_2024,Caravela,14.90,3.93,"2,024.00",7.00,10.00,crop_protection,herbicide,sprayer,Bentazone,Baza,0.96,kg/ha,0.24,kg/t,Tillering (start),0.00,0.00,0.00,0.00,0.00,1.00,1.00,0.00,0.00,0.00,0.00,0.00,1.00,14.90,0.25
C7_2024,Ronaldo,22.45,4.42,"2,024.00",7.00,11.00,crop_protection,pesticide,sprayer,Flonicamid,Teppeki,0.12,kg/ha,0.03,kg/t,Tillering (start),0.00,0.00,0.00,0.00,0.00,0.00,0.00,0.00,1.00,0.00,0.00,0.00,1.00,22.45,0.23
C7_2024,Ronaldo,22.45,4.42,"2,024.00",7.00,12.00,crop_protection,herbicide,sprayer,Profoxydim,Aura,0.15,kg/ha,0.03,kg/t,2–3 leaves,0.00,0.00,0.00,0.00,0.00,0.00,1.00,0.00,0.00,0.00,0.00,0.00,1.00,22.45,0.23
C7_2024,Ronaldo,22.45,4.42,"2,024.00",7.00,12.00,crop_protection,herbicide,sprayer,Methyl oleate + methyl palmitate,Dash HC,0.16,kg/ha,0.04,kg/t,2–3 leaves,0.00,0.00,0.00,0.00,0.00,1.00,1.00,0.00,0.00,0.00,0.00,0.00,1.00,22.45,0.23
C7_2024,Ronaldo,22.45,4.42,"2,024.00",7.00,12.00,crop_protection,herbicide,sprayer,Florpyrauxifen-benzyl,Loyant,0.03,kg/ha,0.01,kg/t,2–3 leaves,0.00,0.00,0.00,1.00,0.00,0.00,1.00,0.00,0.00,0.00,0.00,0.00,1.00,22.45,0.23
C8_2022,PVL 136 IT,12.50,4.15,"2,022.00",4.00,24.00,crop_protection,herbicide,sprayer,Profoxydim,Oristar,0.47,kg/ha,0.11,kg/t,Pre-emergence,0.00,0.00,0.00,0.00,0.00,0.00,1.00,0.00,0.00,0.00,0.00,0.00,1.00,12.50,0.24
C8_2022,Ronaldo,32.50,5.78,"2,022.00",4.00,24.00,crop_protection,herbicide,sprayer,Profoxydim,Oristar,0.47,kg/ha,0.08,kg/t,Pre-emergence,0.00,0.00,0.00,1.00,0.00,0.00,1.00,0.00,0.00,0.00,0.00,0.00,1.00,32.50,0.17
C8_2022,Gládio,12.50,6.45,"2,022.00",4.00,24.00,crop_protection,herbicide,sprayer,Profoxydim,Oristar,0.47,kg/ha,0.07,kg/t,Pre-emergence,0.00,0.00,0.00,1.00,0.00,0.00,1.00,0.00,0.00,0.00,0.00,0.00,1.00,12.50,0.15
C8_2022,Elettra,0.82,4.34,"2,022.00",4.00,24.00,crop_protection,herbicide,sprayer,Profoxydim,Oristar,0.47,kg/ha,0.11,kg/t,Pre-emergence,0.00,1.00,0.00,0.00,0.00,1.00,1.00,0.00,0.00,0.00,0.00,0.00,1.00,0.82,0.23
C8_2022,Ronaldo,32.50,5.78,"2,022.00",5.00,17.00,crop_protection,herbicide,sprayer,Benzobicyclon,Avanza,0.30,kg/ha,0.05,kg/t,Pre-sowing,0.00,1.00,0.00,0.00,0.00,1.00,1.00,0.00,0.00,0.00,0.00,0.00,1.00,32.50,0.17
C8_2022,Ronaldo,32.50,5.78,"2,022.00",6.00,16.00,crop_protection,herbicide,sprayer,Profoxydim,Aura,0.15,kg/ha,0.03,kg/t,2–3 leaves,0.00,0.00,0.00,0.00,0.00,0.00,0.00,1.00,0.00,0.00,0.00,0.00,1.00,32.50,0.17
C8_2022,Ronaldo,32.50,5.78,"2,022.00",6.00,16.00,crop_protection,herbicide,sprayer,Florpyrauxifen-benzyl,Loyant,0.03,kg/ha,0.01,kg/t,2–3 leaves,0.00,0.00,0.00,0.00,0.00,0.00,1.00,0.00,0.00,0.00,0.00,0.00,1.00,32.50,0.17
C8_2022,Ronaldo,32.50,5.78,"2,022.00",6.00,16.00,crop_protection,herbicide,sprayer,Methyl oleate + methyl palmitate,Dash HC,0.16,kg/ha,0.03,kg/t,2–3 leaves,1.00,0.00,0.00,0.00,0.00,0.00,1.00,0.00,0.00,0.00,0.00,1.00,1.00,32.50,0.17
C8_2022,Gládio,12.50,6.45,"2,022.00",6.00,16.00,crop_protection,herbicide,sprayer,Profoxydim,Aura,0.15,kg/ha,0.02,kg/t,2–3 leaves,1.00,0.00,0.00,0.00,0.00,0.00,1.00,0.00,0.00,0.00,0.00,0.00,1.00,12.50,0.15
C8_2022,Gládio,12.50,6.45,"2,022.00",6.00,16.00,crop_protection,herbicide,sprayer,Florpyrauxifen-benzyl,Loyant,0.03,kg/ha,0.00,kg/t,2–3 leaves,0.00,0.00,0.00,0.00,0.00,1.00,1.00,0.00,0.00,0.00,0.00,0.00,1.00,12.50,0.15
C8_2022,Gládio,12.50,6.45,"2,022.00",6.00,16.00,crop_protection,herbicide,sprayer,Methyl oleate + methyl palmitate,Dash HC,0.16,kg/ha,0.02,kg/t,2–3 leaves,0.00,0.00,0.00,0.00,0.00,0.00,0.00,0.00,0.00,0.00,0.00,0.00,1.00,12.50,0.15
C8_2022,Elettra,0.82,4.34,"2,022.00",6.00,16.00,crop_protection,herbicide,sprayer,Profoxydim,Aura,0.15,kg/ha,0.03,kg/t,2–3 leaves,0.00,1.00,0.00,0.00,0.00,1.00,1.00,0.00,0.00,0.00,0.00,0.00,1.00,0.82,0.23
C8_2022,Elettra,0.82,4.34,"2,022.00",6.00,16.00,crop_protection,herbicide,sprayer,Florpyrauxifen-benzyl,Loyant,0.03,kg/ha,0.01,kg/t,2–3 leaves,0.00,1.00,0.00,0.00,0.00,1.00,1.00,0.00,0.00,0.00,0.00,0.00,1.00,0.82,0.23
C8_2022,Elettra,0.82,4.34,"2,022.00",6.00,16.00,crop_protection,herbicide,sprayer,Methyl oleate + methyl palmitate,Dash HC,0.16,kg/ha,0.04,kg/t,2–3 leaves,0.00,0.00,0.00,0.00,0.00,0.00,0.00,1.00,0.00,0.00,0.00,0.00,1.00,0.82,0.23
C8_2022,PVL 136 IT,12.50,4.15,"2,022.00",6.00,20.00,crop_protection,herbicide,sprayer,Cycloxydim,Verresta,0.25,kg/ha,0.06,kg/t,2–3 leaves,0.00,0.00,0.00,0.00,0.00,0.00,1.00,0.00,0.00,0.00,0.00,0.00,1.00,12.50,0.24
C8_2022,PVL 136 IT,12.50,4.15,"2,022.00",6.00,22.00,crop_protection,herbicide,sprayer,Bentazone,Baza,0.96,kg/ha,0.23,kg/t,2–3 leaves,1.00,0.00,0.00,0.00,0.00,0.00,1.00,0.00,0.00,0.00,0.00,0.00,1.00,12.50,0.24
C8_2022,PVL 136 IT,12.50,4.15,"2,022.00",6.00,22.00,crop_protection,herbicide,sprayer,MCPA,Herbinexa,0.50,kg/ha,0.12,kg/t,2–3 leaves,0.00,0.00,0.00,0.00,0.00,1.00,1.00,0.00,0.00,0.00,0.00,0.00,1.00,12.50,0.24
C8_2022,Ronaldo,32.50,5.78,"2,022.00",6.00,23.00,crop_protection,herbicide,sprayer,Bentazone,Kaos,1.92,kg/ha,0.33,kg/t,2–3 leaves,0.00,0.00,0.00,0.00,0.00,0.00,0.00,0.00,0.00,0.00,0.00,0.00,1.00,32.50,0.17
C8_2022,Ronaldo,32.50,5.78,"2,022.00",6.00,23.00,crop_protection,herbicide,sprayer,MCPA,Herbinexa,0.50,kg/ha,0.09,kg/t,2–3 leaves,0.00,1.00,0.00,0.00,0.00,1.00,1.00,0.00,0.00,0.00,0.00,0.00,1.00,32.50,0.17
C8_2022,Gládio,12.50,6.45,"2,022.00",6.00,24.00,crop_protection,herbicide,sprayer,Bentazone,Benta,0.96,kg/ha,0.15,kg/t,2–3 leaves,0.00,1.00,0.00,0.00,0.00,1.00,1.00,0.00,0.00,0.00,0.00,0.00,1.00,12.50,0.15
C8_2022,Gládio,12.50,6.45,"2,022.00",6.00,24.00,crop_protection,herbicide,sprayer,MCPA,Herbinexa,0.50,kg/ha,0.08,kg/t,2–3 leaves,0.00,0.00,0.00,0.00,0.00,0.00,0.00,1.00,0.00,0.00,0.00,0.00,1.00,12.50,0.15
C8_2022,PVL 136 IT,12.50,4.15,"2,022.00",6.00,25.00,crop_protection,pesticide,sprayer,Flonicamid,Teppeki,0.12,kg/ha,0.03,kg/t,Tillering,0.00,0.00,0.00,0.00,0.00,0.00,1.00,0.00,0.00,0.00,0.00,0.00,1.00,12.50,0.24
C8_2022,Ronaldo,32.50,5.78,"2,022.00",6.00,25.00,crop_protection,pesticide,sprayer,Flonicamid,Teppeki,0.12,kg/ha,0.02,kg/t,Tillering,1.00,0.00,0.00,0.00,0.00,0.00,1.00,0.00,0.00,0.00,0.00,0.00,1.00,32.50,0.17
C8_2022,Gládio,12.50,6.45,"2,022.00",6.00,25.00,crop_protection,pesticide,sprayer,Flonicamid,Teppeki,0.12,kg/ha,0.02,kg/t,Tillering,0.00,0.00,0.00,0.00,0.00,1.00,1.00,0.00,0.00,0.00,0.00,0.00,1.00,12.50,0.15
C8_2022,Elettra,0.82,4.34,"2,022.00",6.00,25.00,crop_protection,pesticide,sprayer,Flonicamid,Teppeki,0.12,kg/ha,0.03,kg/t,Tillering,0.00,0.00,0.00,0.00,0.00,0.00,0.00,0.00,0.00,0.00,0.00,0.00,1.00,0.82,0.23
C8_2022,PVL 136 IT,12.50,4.15,"2,022.00",6.00,30.00,crop_protection,herbicide,sprayer,Cycloxydim,Verresta,0.25,kg/ha,0.06,kg/t,2–3 leaves,0.00,0.00,0.00,0.00,0.00,0.00,0.00,1.00,0.00,0.00,0.00,0.00,1.00,12.50,0.24
C8_2023,PVL 136 IT,17.30,3.17,"2,023.00",5.00,10.00,crop_protection,herbicide,sprayer,Benzobicyclon,Avanza,0.30,kg/ha,0.09,kg/t,Pre-emergence,0.00,0.00,0.00,0.00,0.00,0.00,1.00,0.00,0.00,0.00,0.00,0.00,1.00,17.30,0.32
C8_2023,Leonardo,10.00,14.11,"2,023.00",6.00,6.00,crop_protection,herbicide,sprayer,Methyl oleate + methyl palmitate,Dash HC,0.16,kg/ha,0.01,kg/t,2–3 leaves,1.00,0.00,0.00,0.00,0.00,0.00,1.00,0.00,0.00,0.00,0.00,0.00,1.00,10.00,0.07
C8_2023,Leonardo,10.00,14.11,"2,023.00",6.00,6.00,crop_protection,herbicide,sprayer,Profoxydim,Aura,0.15,kg/ha,0.01,kg/t,2–3 leaves,1.00,0.00,0.00,0.00,0.00,0.00,1.00,0.00,0.00,0.00,0.00,0.00,1.00,10.00,0.07
C8_2023,Leonardo,10.00,14.11,"2,023.00",6.00,6.00,crop_protection,herbicide,sprayer,Florpyrauxifen-benzyl,Loyant,0.03,kg/ha,0.00,kg/t,2–3 leaves,0.00,0.00,0.00,0.00,0.00,1.00,1.00,0.00,0.00,0.00,0.00,0.00,1.00,10.00,0.07
C8_2023,PVL 136 IT,37.80,3.17,"2,023.00",6.00,8.00,crop_protection,herbicide,sprayer,Cycloxydim,Verresta,0.25,kg/ha,0.08,kg/t,2–3 leaves,1.00,0.00,0.00,1.00,0.00,0.00,1.00,0.00,0.00,0.00,0.00,0.00,1.00,37.80,0.32
C8_2023,PVL 136 IT,37.80,3.17,"2,023.00",6.00,8.00,crop_protection,herbicide,sprayer,Florpyrauxifen-benzyl,Loyant,0.03,kg/ha,0.01,kg/t,2–3 leaves,0.00,0.00,0.00,0.00,0.00,1.00,1.00,0.00,0.00,0.00,0.00,0.00,1.00,37.80,0.32
C8_2023,PVL 136 IT,37.80,3.17,"2,023.00",6.00,8.00,crop_protection,herbicide,sprayer,Methyl oleate + methyl palmitate,Dash HC,0.16,kg/ha,0.05,kg/t,2–3 leaves,1.00,0.00,0.00,0.00,0.00,0.00,1.00,0.00,0.00,0.00,0.00,0.00,1.00,37.80,0.32
C8_2023,PVL 136 IT,37.80,3.17,"2,023.00",6.00,20.00,crop_protection,herbicide,sprayer,Cycloxydim,Verresta,0.25,kg/ha,0.08,kg/t,Tillering (start),1.00,0.00,0.00,1.00,0.00,0.00,1.00,0.00,0.00,0.00,0.00,0.00,1.00,37.80,0.32
C8_2023,PVL 136 IT,37.80,3.17,"2,023.00",6.00,20.00,crop_protection,herbicide,sprayer,Florpyrauxifen-benzyl,Loyant,0.03,kg/ha,0.01,kg/t,Tillering (start),0.00,0.00,0.00,0.00,0.00,1.00,1.00,0.00,0.00,0.00,0.00,0.00,1.00,37.80,0.32
C8_2023,PVL 136 IT,37.80,3.17,"2,023.00",6.00,20.00,crop_protection,herbicide,sprayer,Methyl oleate + methyl palmitate,Dash HC,0.16,kg/ha,0.05,kg/t,Tillering (start),1.00,0.00,0.00,0.00,0.00,0.00,1.00,0.00,0.00,0.00,0.00,0.00,1.00,37.80,0.32
C8_2023,PVL 136 IT,37.80,3.17,"2,023.00",6.00,26.00,crop_protection,herbicide,sprayer,MCPA,Herbinexa,0.50,kg/ha,0.16,kg/t,Tillering,0.00,0.00,0.00,0.00,0.00,1.00,1.00,0.00,0.00,0.00,0.00,0.00,1.00,37.80,0.32
C8_2023,Selénio,5.90,2.07,"2,023.00",6.00,26.00,crop_protection,herbicide,sprayer,MCPA,Herbinexa,0.50,kg/ha,0.24,kg/t,Tillering,0.00,0.00,0.00,0.00,0.00,1.00,1.00,0.00,0.00,0.00,0.00,0.00,1.00,5.90,0.48
C8_2023,PVL 136 IT,37.80,3.17,"2,023.00",6.00,26.00,crop_protection,herbicide,sprayer,Bentazone,Kaos,1.92,kg/ha,0.61,kg/t,Tillering,0.00,0.00,0.00,0.00,0.00,1.00,1.00,0.00,0.00,0.00,0.00,0.00,1.00,37.80,0.32
C8_2023,Selénio,5.90,2.07,"2,023.00",6.00,26.00,crop_protection,herbicide,sprayer,Bentazone,Kaos,1.92,kg/ha,0.93,kg/t,Tillering,0.00,0.00,0.00,0.00,0.00,1.00,1.00,0.00,0.00,0.00,0.00,0.00,1.00,5.90,0.48
C8_2023,PVL 136 IT,37.80,3.17,"2,023.00",7.00,10.00,crop_protection,pesticide,sprayer,Bacillus thuringiensis,Dipel DF,0.54,kg/ha,0.17,kg/t,Panicle initiation,0.00,0.00,0.00,0.00,0.00,0.00,0.00,0.00,0.00,0.00,1.00,0.00,1.00,37.80,0.32
C8_2023,PVL 136 IT,37.80,3.17,"2,023.00",7.00,17.00,crop_protection,pesticide,sprayer,Flonicamid,Teppeki,0.12,kg/ha,0.04,kg/t,Panicle initiation,0.00,0.00,0.00,0.00,0.00,0.00,0.00,0.00,1.00,0.00,0.00,0.00,1.00,37.80,0.32
C8_2023,Leonardo,14.34,14.11,"2,023.00",7.00,17.00,crop_protection,pesticide,sprayer,Flonicamid,Teppeki,0.12,kg/ha,0.01,kg/t,Panicle initiation,0.00,0.00,0.00,0.00,0.00,0.00,0.00,0.00,1.00,0.00,0.00,0.00,1.00,14.34,0.07
C8_2023,Selénio,5.90,2.07,"2,023.00",7.00,17.00,crop_protection,pesticide,sprayer,Flonicamid,Teppeki,0.12,kg/ha,0.06,kg/t,Panicle initiation,0.00,0.00,0.00,0.00,0.00,0.00,0.00,0.00,1.00,0.00,0.00,0.00,1.00,5.90,0.48
C8_2024,Selénio,4.00,1.52,"2,024.00",6.00,12.00,crop_protection,herbicide,sprayer,Methyl oleate + methyl palmitate,Dash HC,0.16,kg/ha,0.10,kg/t,2–3 leaves,0.00,0.00,0.00,0.00,0.00,0.00,1.00,0.00,0.00,0.00,0.00,0.00,1.00,4.00,0.66
C8_2024,Ronaldo,17.20,3.98,"2,024.00",6.00,12.00,crop_protection,herbicide,sprayer,Methyl oleate + methyl palmitate,Dash HC,0.16,kg/ha,0.04,kg/t,2–3 leaves,0.00,0.00,0.00,0.00,0.00,0.00,1.00,0.00,0.00,0.00,0.00,0.00,1.00,17.20,0.25
C8_2024,Ronaldo,17.20,3.98,"2,024.00",6.00,12.00,crop_protection,herbicide,sprayer,Profoxydim,Aura,0.15,kg/ha,0.04,kg/t,2–3 leaves,1.00,0.00,0.00,0.00,0.00,0.00,0.00,0.00,0.00,0.00,0.00,0.00,1.00,17.20,0.25
C8_2024,Ronaldo,17.20,3.98,"2,024.00",6.00,12.00,crop_protection,herbicide,sprayer,Florpyrauxifen-benzyl,Loyant,0.03,kg/ha,0.01,kg/t,2–3 leaves,0.00,0.00,0.00,0.00,0.00,1.00,0.00,0.00,0.00,0.00,0.00,0.00,1.00,17.20,0.25
C8_2024,Leonardo,25.42,3.77,"2,024.00",6.00,12.00,crop_protection,herbicide,sprayer,Cyhalofop-butyl + Florpyrauxifen-benzyl,Agixa,0.70,kg/ha,0.19,kg/t,2–3 leaves,0.00,0.00,0.00,0.00,0.00,1.00,0.00,0.00,0.00,0.00,0.00,0.00,1.00,25.42,0.26
C8_2024,PVL 136 IT,12.50,5.06,"2,024.00",6.00,16.00,crop_protection,herbicide,sprayer,Methyl oleate + methyl palmitate,Dash HC,0.16,kg/ha,0.03,kg/t,2–3 leaves,1.00,0.00,0.00,0.00,0.00,0.00,1.00,0.00,0.00,0.00,0.00,0.00,1.00,12.50,0.20
C8_2024,PVL 136 IT,12.50,5.06,"2,024.00",6.00,16.00,crop_protection,herbicide,sprayer,Cycloxydim,Verresta,0.25,kg/ha,0.05,kg/t,2–3 leaves,1.00,0.00,0.00,1.00,0.00,0.00,0.00,0.00,0.00,0.00,0.00,0.00,1.00,12.50,0.20
C8_2024,PVL 136 IT,12.50,5.06,"2,024.00",6.00,16.00,crop_protection,herbicide,sprayer,Florpyrauxifen-benzyl,Loyant,0.03,kg/ha,0.01,kg/t,2–3 leaves,0.00,0.00,0.00,0.00,0.00,1.00,0.00,0.00,0.00,0.00,0.00,0.00,1.00,12.50,0.20
C8_2024,PVL 136 IT,12.50,5.06,"2,024.00",7.00,3.00,crop_protection,herbicide,sprayer,Methyl oleate + methyl palmitate,Dash HC,0.16,kg/ha,0.03,kg/t,2–3 leaves,1.00,0.00,0.00,0.00,0.00,0.00,1.00,0.00,0.00,0.00,0.00,0.00,1.00,12.50,0.20
C8_2024,PVL 136 IT,12.50,5.06,"2,024.00",7.00,3.00,crop_protection,herbicide,sprayer,Cycloxydim,Verresta,0.25,kg/ha,0.05,kg/t,2–3 leaves,1.00,0.00,0.00,1.00,0.00,0.00,0.00,0.00,0.00,0.00,0.00,0.00,1.00,12.50,0.20
C8_2024,PVL 136 IT,12.50,5.06,"2,024.00",7.00,3.00,crop_protection,herbicide,sprayer,Florpyrauxifen-benzyl,Loyant,0.03,kg/ha,0.01,kg/t,2–3 leaves,0.00,0.00,0.00,0.00,0.00,1.00,0.00,0.00,0.00,0.00,0.00,0.00,1.00,12.50,0.20
C8_2024,Leonardo,25.42,3.77,"2,024.00",8.00,1.00,crop_protection,fungicide,sprayer,Azoxystrobin,Amistar Top,0.36,kg/ha,0.09,kg/t,Panicle emergence (heading),0.00,0.00,0.00,0.00,0.00,0.00,0.00,0.00,0.00,0.00,0.00,0.00,1.00,25.42,0.26
D1_2022,Leonardo,12.25,1.36,"2,022.00",4.00,20.00,crop_protection,herbicide,sprayer,Pendimetalina,Activus Caps,1.00,kg/ha,0.73,kg/t,Pre-emergence,0.00,0.00,0.00,0.00,0.00,0.00,1.00,0.00,0.00,0.00,0.00,0.00,1.00,12.25,0.73
D1_2022,Leonardo,11.50,1.36,"2,022.00",5.00,12.00,crop_protection,herbicide,sprayer,Profoxydim,Oristar,0.47,kg/ha,0.34,kg/t,2–3 leaves,0.00,0.00,0.00,0.00,0.00,0.00,1.00,0.00,0.00,0.00,0.00,0.00,1.00,11.50,0.73
D1_2022,Leonardo,12.25,1.36,"2,022.00",5.00,13.00,crop_protection,fungicide,sprayer,Chlorothalonil,Splash,0.59,kg/ha,0.43,kg/t,2–3 leaves,1.00,0.00,0.00,0.00,0.00,1.00,1.00,0.00,0.00,0.00,0.00,0.00,1.00,12.25,0.73
D1_2022,Leonardo,12.25,1.36,"2,022.00",5.00,13.00,crop_protection,herbicide,sprayer,Profoxydim,Profistar,0.15,kg/ha,0.11,kg/t,2–3 leaves,1.00,0.00,0.00,0.00,0.00,1.00,1.00,0.00,0.00,0.00,0.00,0.00,1.00,12.25,0.73
D1_2022,Leonardo,6.00,1.36,"2,022.00",5.00,13.00,crop_protection,herbicide,sprayer,Azimsulfuron,Gulliver,0.04,kg/ha,0.03,kg/t,2–3 leaves,1.00,0.00,0.00,0.00,0.00,0.00,1.00,0.00,0.00,0.00,0.00,0.00,1.00,6.00,0.73
D1_2022,Leonardo,12.25,1.36,"2,022.00",5.00,14.00,crop_protection,herbicide,sprayer,Halosulfuron,Permit,0.05,kg/ha,0.04,kg/t,2–3 leaves,0.00,1.00,0.00,0.00,0.00,0.00,1.00,0.00,0.00,0.00,0.00,0.00,1.00,12.25,0.73
D1_2022,Leonardo,12.25,1.36,"2,022.00",5.00,14.00,crop_protection,herbicide,sprayer,MCPA,Herbinexa,0.50,kg/ha,0.37,kg/t,2–3 leaves,0.00,0.00,0.00,0.00,0.00,1.00,1.00,0.00,0.00,0.00,0.00,0.00,1.00,12.25,0.73
D1_2022,Leonardo,12.25,1.36,"2,022.00",6.00,10.00,crop_protection,fungicide,sprayer,Azoxystrobin,Amistar Top,0.36,kg/ha,0.26,kg/t,Tillering (start),0.00,0.00,1.00,0.00,0.00,0.00,0.00,0.00,0.00,0.00,0.00,0.00,1.00,12.25,0.73
D1_2022,Leonardo,4.20,1.36,"2,022.00",6.00,10.00,crop_protection,pesticide,sprayer,Flonicamid,Teppeki,0.12,kg/ha,0.09,kg/t,Tillering (start),0.00,0.00,0.00,0.00,0.00,0.00,0.00,0.00,1.00,0.00,0.00,0.00,1.00,4.20,0.73
D1_2023,Carnaroli,17.99,4.90,"2,023.00",5.00,10.00,crop_protection,herbicide,sprayer,Benzobicyclon,Avanza,0.30,kg/ha,0.06,kg/t,Pre-emergence,0.00,0.00,0.00,0.00,0.00,0.00,1.00,0.00,0.00,0.00,0.00,0.00,1.00,17.99,0.20
D1_2023,Carnaroli,17.99,4.90,"2,023.00",6.00,15.00,crop_protection,herbicide,sprayer,Sodium lauryl ether diglycol sulfate,Biopower,0.14,kg/ha,0.03,kg/t,2–3 leaves,0.00,0.00,0.00,0.00,0.00,0.00,1.00,0.00,0.00,0.00,0.00,0.00,1.00,17.99,0.20
D1_2023,Carnaroli,17.99,4.90,"2,023.00",6.00,15.00,crop_protection,herbicide,sprayer,Bispyribac-sodium,Nominee,0.03,kg/ha,0.01,kg/t,2–3 leaves,1.00,0.00,0.00,0.00,0.00,0.00,1.00,0.00,0.00,0.00,0.00,0.00,1.00,17.99,0.20
D1_2023,Carnaroli,17.99,4.90,"2,023.00",6.00,15.00,crop_protection,herbicide,sprayer,Florpyrauxifen-benzyl,Loyant,0.03,kg/ha,0.01,kg/t,2–3 leaves,0.00,0.00,0.00,0.00,0.00,1.00,1.00,0.00,0.00,0.00,0.00,0.00,1.00,17.99,0.20
D1_2023,Carnaroli,17.99,4.90,"2,023.00",6.00,15.00,crop_protection,herbicide,sprayer,Azimsulfuron,Gulliver,0.04,kg/ha,0.01,kg/t,2–3 leaves,0.00,0.00,0.00,0.00,0.00,1.00,1.00,0.00,0.00,0.00,0.00,0.00,1.00,17.99,0.20
D1_2023,Carnaroli,17.99,4.90,"2,023.00",6.00,20.00,crop_protection,herbicide,sprayer,Halosulfuron,Permit,0.05,kg/ha,0.01,kg/t,Tillering,0.00,0.00,0.00,0.00,0.00,1.00,1.00,0.00,0.00,0.00,0.00,0.00,1.00,17.99,0.20
D1_2023,Carnaroli,17.99,4.90,"2,023.00",6.00,20.00,crop_protection,herbicide,sprayer,MCPA,Herbinexa,0.50,kg/ha,0.10,kg/t,Tillering,0.00,0.00,0.00,0.00,0.00,1.00,1.00,0.00,0.00,0.00,0.00,0.00,1.00,17.99,0.20
D1_2023,Carnaroli,17.99,4.90,"2,023.00",8.00,1.00,crop_protection,pesticide,sprayer,Flonicamid,Afinto,0.12,kg/ha,0.02,kg/t,Panicle emergence (heading),0.00,0.00,0.00,0.00,0.00,0.00,0.00,0.00,1.00,0.00,0.00,0.00,1.00,17.99,0.20
D1_2024,Ronaldo,13.00,6.42,"2,024.00",6.00,12.00,crop_protection,herbicide,sprayer,Methyl oleate + methyl palmitate,Dash HC,0.16,kg/ha,0.02,kg/t,2–3 leaves,0.00,0.00,0.00,0.00,0.00,0.00,1.00,0.00,0.00,0.00,0.00,0.00,1.00,13.00,0.16
D1_2024,Ronaldo,13.00,6.42,"2,024.00",6.00,12.00,crop_protection,herbicide,sprayer,Profoxydim,Aura,0.15,kg/ha,0.02,kg/t,2–3 leaves,1.00,0.00,0.00,0.00,0.00,0.00,1.00,0.00,0.00,0.00,0.00,0.00,1.00,13.00,0.16
D1_2024,Ronaldo,13.00,6.42,"2,024.00",6.00,12.00,crop_protection,herbicide,sprayer,Florpyrauxifen-benzyl,Loyant,0.03,kg/ha,0.00,kg/t,2–3 leaves,0.00,0.00,0.00,0.00,0.00,1.00,1.00,0.00,0.00,0.00,0.00,0.00,1.00,13.00,0.16
D1_2024,Leonardo,25.42,3.77,"2,024.00",6.00,12.00,crop_protection,herbicide,sprayer,Cyhalofop-butyl + Florpyrauxifen-benzyl,Agixa,0.70,kg/ha,0.19,kg/t,2–3 leaves,0.00,0.00,0.00,0.00,0.00,1.00,1.00,0.00,0.00,0.00,0.00,0.00,1.00,25.42,0.26
D1_2024,PVL 136 IT,1.80,5.56,"2,024.00",6.00,16.00,crop_protection,herbicide,sprayer,Methyl oleate + methyl palmitate,Dash HC,0.16,kg/ha,0.03,kg/t,2–3 leaves,1.00,0.00,0.00,0.00,0.00,0.00,1.00,0.00,0.00,0.00,0.00,0.00,1.00,1.80,0.18
D1_2024,PVL 136 IT,1.80,5.56,"2,024.00",6.00,16.00,crop_protection,herbicide,sprayer,Cycloxydim,Verresta,0.25,kg/ha,0.04,kg/t,2–3 leaves,1.00,0.00,0.00,1.00,0.00,0.00,1.00,0.00,0.00,0.00,0.00,0.00,1.00,1.80,0.18
D1_2024,PVL 136 IT,1.80,5.56,"2,024.00",6.00,16.00,crop_protection,herbicide,sprayer,Florpyrauxifen-benzyl,Loyant,0.03,kg/ha,0.01,kg/t,2–3 leaves,0.00,0.00,0.00,0.00,0.00,1.00,1.00,0.00,0.00,0.00,0.00,0.00,1.00,1.80,0.18
D1_2024,PVL 136 IT,1.80,5.56,"2,024.00",7.00,3.00,crop_protection,herbicide,sprayer,Methyl oleate + methyl palmitate,Dash HC,0.16,kg/ha,0.03,kg/t,2–3 leaves,1.00,0.00,0.00,0.00,0.00,0.00,1.00,0.00,0.00,0.00,0.00,0.00,1.00,1.80,0.18
D1_2024,PVL 136 IT,1.80,5.56,"2,024.00",7.00,3.00,crop_protection,herbicide,sprayer,Cycloxydim,Verresta,0.25,kg/ha,0.04,kg/t,2–3 leaves,1.00,0.00,0.00,1.00,0.00,0.00,1.00,0.00,0.00,0.00,0.00,0.00,1.00,1.80,0.18
D1_2024,PVL 136 IT,1.80,5.56,"2,024.00",7.00,3.00,crop_protection,herbicide,sprayer,Florpyrauxifen-benzyl,Loyant,0.03,kg/ha,0.01,kg/t,2–3 leaves,0.00,0.00,0.00,0.00,0.00,1.00,1.00,0.00,0.00,0.00,0.00,0.00,1.00,1.80,0.18
D1_2024,Leonardo,25.42,3.77,"2,024.00",8.00,1.00,crop_protection,fungicide,sprayer,Azoxystrobin,Amistar Top,0.36,kg/ha,0.09,kg/t,Panicle emergence (heading),0.00,0.00,1.00,0.00,0.00,0.00,0.00,0.00,0.00,0.00,0.00,0.00,1.00,25.42,0.26
D2_2022,Luna CL,18.21,1.23,"2,022.00",4.00,20.00,crop_protection,herbicide,sprayer,Pendimetalina,Activus Caps,1.00,kg/ha,0.81,kg/t,Pre-emergence,0.00,0.00,0.00,0.00,0.00,0.00,1.00,0.00,0.00,0.00,0.00,0.00,1.00,18.21,0.81
D2_2022,Luna CL,18.21,1.23,"2,022.00",5.00,12.00,crop_protection,herbicide,sprayer,Profoxydim,Oristar,0.47,kg/ha,0.38,kg/t,Pre-emergence,0.00,0.00,0.00,0.00,0.00,0.00,1.00,0.00,0.00,0.00,0.00,0.00,1.00,18.21,0.81
D2_2022,Luna CL,18.21,1.23,"2,022.00",6.00,3.00,crop_protection,fungicide,sprayer,Chlorothalonil,Splash,0.59,kg/ha,0.48,kg/t,2 leaves,1.00,0.00,0.00,0.00,0.00,1.00,1.00,0.00,0.00,0.00,0.00,0.00,1.00,18.21,0.81
D2_2022,Luna CL,18.21,1.23,"2,022.00",6.00,3.00,crop_protection,herbicide,sprayer,Imazamox,Beyond,0.04,kg/ha,0.03,kg/t,2 leaves,1.00,0.00,0.00,0.00,0.00,1.00,1.00,0.00,0.00,0.00,0.00,0.00,1.00,18.21,0.81
D2_2022,Luna CL,18.21,1.23,"2,022.00",6.00,3.00,crop_protection,herbicide,sprayer,Profoxydim,Profistar,0.15,kg/ha,0.12,kg/t,2 leaves,1.00,0.00,0.00,0.00,0.00,1.00,1.00,0.00,0.00,0.00,0.00,0.00,1.00,18.21,0.81
D2_2022,Luna CL,18.21,1.23,"2,022.00",6.00,5.00,crop_protection,herbicide,sprayer,Bispyribac-sodium,Nominee,0.03,kg/ha,0.02,kg/t,2 leaves,1.00,1.00,0.00,0.00,0.00,0.00,1.00,0.00,0.00,0.00,0.00,0.00,1.00,18.21,0.81
D2_2022,Luna CL,18.21,1.23,"2,022.00",6.00,5.00,crop_protection,herbicide,sprayer,Sodium lauryl ether diglycol sulfate,Biopower,0.14,kg/ha,0.12,kg/t,2 leaves,1.00,1.00,0.00,0.00,0.00,0.00,1.00,0.00,0.00,0.00,0.00,0.00,1.00,18.21,0.81
D2_2022,Luna CL,18.21,1.23,"2,022.00",6.00,5.00,crop_protection,herbicide,sprayer,Halosulfuron,Permit,0.05,kg/ha,0.04,kg/t,2 leaves,0.00,1.00,0.00,0.00,0.00,0.00,1.00,0.00,0.00,0.00,0.00,0.00,1.00,18.21,0.81
D2_2023,Luna CL,18.22,4.84,"2,023.00",5.00,7.00,crop_protection,herbicide,sprayer,Benzobicyclon,Avanza,0.30,kg/ha,0.06,kg/t,Pre-sowing,0.00,0.00,0.00,0.00,0.00,0.00,1.00,0.00,0.00,0.00,0.00,0.00,1.00,18.22,0.21
D2_2023,Luna CL,18.22,4.84,"2,023.00",6.00,2.00,crop_protection,herbicide,sprayer,Bispyribac-sodium,Nominee,0.03,kg/ha,0.01,kg/t,2–3 leaves,0.00,0.00,0.00,0.00,0.00,0.00,1.00,0.00,0.00,0.00,0.00,0.00,1.00,18.22,0.21
D2_2023,Luna CL,18.22,4.84,"2,023.00",6.00,3.00,crop_protection,herbicide,sprayer,Sodium lauryl ether diglycol sulfate,Biopower,0.14,kg/ha,0.03,kg/t,2–3 leaves,1.00,0.00,0.00,0.00,0.00,0.00,1.00,0.00,0.00,0.00,0.00,0.00,1.00,18.22,0.21
D2_2023,Luna CL,18.22,4.84,"2,023.00",6.00,3.00,crop_protection,herbicide,sprayer,Florpyrauxifen-benzyl,Loyant,0.03,kg/ha,0.01,kg/t,2–3 leaves,0.00,0.00,0.00,0.00,0.00,1.00,1.00,0.00,0.00,0.00,0.00,0.00,1.00,18.22,0.21
D2_2023,Luna CL,18.22,4.84,"2,023.00",6.00,5.00,crop_protection,herbicide,sprayer,Methyl oleate + methyl palmitate,Dash HC,0.16,kg/ha,0.03,kg/t,2–3 leaves,1.00,0.00,0.00,0.00,0.00,0.00,1.00,0.00,0.00,0.00,0.00,0.00,1.00,18.22,0.21
D2_2023,Luna CL,18.22,4.84,"2,023.00",6.00,5.00,crop_protection,herbicide,sprayer,Profoxydim,Aura,0.15,kg/ha,0.03,kg/t,2–3 leaves,1.00,0.00,0.00,1.00,0.00,0.00,1.00,0.00,0.00,0.00,0.00,0.00,1.00,18.22,0.21
D2_2023,Luna CL,18.22,4.84,"2,023.00",6.00,5.00,crop_protection,herbicide,sprayer,Florpyrauxifen-benzyl,Loyant,0.03,kg/ha,0.01,kg/t,2–3 leaves,0.00,0.00,0.00,0.00,0.00,1.00,1.00,0.00,0.00,0.00,0.00,0.00,1.00,18.22,0.21
D2_2023,Luna CL,18.22,4.84,"2,023.00",6.00,5.00,crop_protection,herbicide,sprayer,Imazamox,Beyond,0.04,kg/ha,0.01,kg/t,2–3 leaves,1.00,0.00,0.00,1.00,0.00,0.00,1.00,0.00,0.00,0.00,0.00,0.00,1.00,18.22,0.21
D2_2023,Luna CL,18.22,4.84,"2,023.00",7.00,10.00,crop_protection,pesticide,sprayer,Flonicamid,Afinto,0.12,kg/ha,0.02,kg/t,Panicle emergence (heading),0.00,0.00,0.00,0.00,0.00,0.00,0.00,0.00,1.00,0.00,0.00,0.00,1.00,18.22,0.21
D2_2023,Luna CL,18.22,4.84,"2,023.00",7.00,11.00,crop_protection,fungicide,sprayer,Azoxystrobin,Amistar Top,0.36,kg/ha,0.07,kg/t,Panicle emergence (heading),0.00,0.00,1.00,0.00,0.00,0.00,0.00,0.00,0.00,0.00,0.00,0.00,1.00,18.22,0.21
D2_2024,PVL 136 IT,18.22,6.77,"2,024.00",6.00,12.00,crop_protection,herbicide,sprayer,Methyl oleate + methyl palmitate,Dash HC,0.16,kg/ha,0.02,kg/t,2–3 leaves,0.00,0.00,0.00,0.00,0.00,0.00,1.00,0.00,0.00,0.00,0.00,0.00,1.00,18.22,0.15
D2_2024,PVL 136 IT,18.22,6.77,"2,024.00",6.00,12.00,crop_protection,herbicide,sprayer,Profoxydim,Aura,0.15,kg/ha,0.02,kg/t,2–3 leaves,1.00,0.00,0.00,0.00,0.00,0.00,1.00,0.00,0.00,0.00,0.00,0.00,1.00,18.22,0.15
D2_2024,PVL 136 IT,18.22,6.77,"2,024.00",6.00,12.00,crop_protection,herbicide,sprayer,Florpyrauxifen-benzyl,Loyant,0.03,kg/ha,0.00,kg/t,2–3 leaves,0.00,0.00,0.00,0.00,0.00,1.00,1.00,0.00,0.00,0.00,0.00,0.00,1.00,18.22,0.15
D2_2024,PVL 136 IT,18.22,6.77,"2,024.00",6.00,16.00,crop_protection,herbicide,sprayer,Methyl oleate + methyl palmitate,Dash HC,0.16,kg/ha,0.02,kg/t,2–3 leaves,1.00,0.00,0.00,0.00,0.00,0.00,1.00,0.00,0.00,0.00,0.00,0.00,1.00,18.22,0.15
D2_2024,PVL 136 IT,18.22,6.77,"2,024.00",6.00,16.00,crop_protection,herbicide,sprayer,Cycloxydim,Verresta,0.25,kg/ha,0.04,kg/t,2–3 leaves,1.00,0.00,0.00,1.00,0.00,0.00,1.00,0.00,0.00,0.00,0.00,0.00,1.00,18.22,0.15
D2_2024,PVL 136 IT,18.22,6.77,"2,024.00",6.00,16.00,crop_protection,herbicide,sprayer,Florpyrauxifen-benzyl,Loyant,0.03,kg/ha,0.00,kg/t,2–3 leaves,0.00,0.00,0.00,0.00,0.00,1.00,1.00,0.00,0.00,0.00,0.00,0.00,1.00,18.22,0.15
D2_2024,PVL 136 IT,18.22,6.77,"2,024.00",7.00,3.00,crop_protection,herbicide,sprayer,Methyl oleate + methyl palmitate,Dash HC,0.16,kg/ha,0.02,kg/t,2–3 leaves,1.00,0.00,0.00,0.00,0.00,0.00,1.00,0.00,0.00,0.00,0.00,0.00,1.00,18.22,0.15
D2_2024,PVL 136 IT,18.22,6.77,"2,024.00",7.00,3.00,crop_protection,herbicide,sprayer,Cycloxydim,Verresta,0.25,kg/ha,0.04,kg/t,2–3 leaves,1.00,0.00,0.00,1.00,0.00,0.00,1.00,0.00,0.00,0.00,0.00,0.00,1.00,18.22,0.15
D2_2024,PVL 136 IT,18.22,6.77,"2,024.00",7.00,3.00,crop_protection,herbicide,sprayer,Florpyrauxifen-benzyl,Loyant,0.03,kg/ha,0.00,kg/t,2–3 leaves,0.00,0.00,0.00,0.00,0.00,1.00,1.00,0.00,0.00,0.00,0.00,0.00,1.00,18.22,0.15
NT1_2023,Velox,14.92,6.49,"2,023.00",5.00,10.00,crop_protection,herbicide,sprayer,Glyphosate,Roundup Ultramax,0.05,kg/ha,0.01,kg/t,Pre-sowing,0.00,0.00,0.00,0.00,0.00,0.00,1.00,0.00,0.00,0.00,0.00,0.00,1.00,14.92,0.15
NT1_2023,Velox,14.92,6.49,"2,023.00",6.00,30.00,crop_protection,herbicide,sprayer,Florpyrauxifen-benzyl,Loyant,0.03,kg/ha,0.00,kg/t,4 leaves,0.00,0.00,0.00,0.00,0.00,1.00,1.00,0.00,0.00,0.00,0.00,0.00,1.00,14.92,0.15
NT1_2023,Velox,14.92,6.49,"2,023.00",7.00,12.00,crop_protection,herbicide,sprayer,Azimsulfuron,Gulliver,0.04,kg/ha,0.01,kg/t,2–3 leaves,1.00,1.00,0.00,0.00,0.00,0.00,1.00,0.00,0.00,0.00,0.00,0.00,1.00,14.92,0.15
NT1_2024,Ronaldo,37.90,7.11,"2,024.00",5.00,10.00,crop_protection,herbicide,sprayer,Glyphosate,Satelite,0.05,kg/ha,0.01,kg/t,Pre-sowing,0.00,0.00,0.00,0.00,0.00,0.00,1.00,0.00,0.00,0.00,0.00,0.00,1.00,37.90,0.14
NT1_2024,Ronaldo,37.90,7.11,"2,024.00",6.00,20.00,crop_protection,herbicide,sprayer,Florpyrauxifen-benzyl,Loyant,0.03,kg/ha,0.00,kg/t,4 leaves,0.00,0.00,0.00,0.00,0.00,1.00,1.00,0.00,0.00,0.00,0.00,0.00,1.00,37.90,0.14
NT1_2024,Ronaldo,37.90,7.11,"2,024.00",6.00,20.00,crop_protection,herbicide,sprayer,Profoxydim,Aura,0.15,kg/ha,0.02,kg/t,4 leaves,1.00,0.00,0.00,0.00,0.00,0.00,1.00,0.00,0.00,0.00,0.00,0.00,1.00,37.90,0.14
NT1_2024,Ronaldo,37.90,7.11,"2,024.00",6.00,20.00,crop_protection,herbicide,sprayer,Methyl oleate + methyl palmitate,Dash HC,0.16,kg/ha,0.02,kg/t,4 leaves,1.00,0.00,0.00,0.00,0.00,0.00,1.00,0.00,0.00,0.00,0.00,0.00,1.00,37.90,0.14
NT1_2024,Ronaldo,37.90,7.11,"2,024.00",7.00,10.00,crop_protection,herbicide,sprayer,Bentazone,Baza,0.96,kg/ha,0.14,kg/t,Tillering (start),0.00,1.00,0.00,0.00,0.00,0.00,1.00,0.00,0.00,0.00,0.00,0.00,1.00,37.90,0.14
NT2_2022,Luna CL,20.42,4.07,"2,022.00",4.00,18.00,crop_protection,herbicide,sprayer,Clomazona ,Command,0.36,kg/ha,0.09,kg/t,Pre-emergence,0.00,0.00,0.00,0.00,0.00,0.00,1.00,0.00,0.00,0.00,0.00,0.00,1.00,20.42,0.25
NT2_2022,Luna CL,20.42,4.07,"2,022.00",5.00,19.00,crop_protection,herbicide,sprayer,Imazamox,Beyond,0.04,kg/ha,0.01,kg/t,2–3 leaves,0.00,0.00,0.00,1.00,0.00,0.00,1.00,0.00,0.00,0.00,0.00,0.00,1.00,20.42,0.25
NT2_2022,Luna CL,20.42,4.07,"2,022.00",5.00,19.00,crop_protection,herbicide,sprayer,Cyhalofop-butyl,Clincher Plus,0.30,kg/ha,0.07,kg/t,2–3 leaves,1.00,0.00,0.00,0.00,0.00,0.00,1.00,0.00,0.00,0.00,0.00,0.00,1.00,20.42,0.25
NT2_2022,Luna CL,20.42,4.07,"2,022.00",6.00,6.00,crop_protection,herbicide,sprayer,Imazamox,Beyond,0.04,kg/ha,0.01,kg/t,2–3 leaves,0.00,0.00,0.00,1.00,0.00,0.00,1.00,0.00,0.00,0.00,0.00,0.00,1.00,20.42,0.25
NT2_2022,Luna CL,20.42,4.07,"2,022.00",6.00,6.00,crop_protection,herbicide,sprayer,Profoxydim,Aura,0.15,kg/ha,0.04,kg/t,2–3 leaves,1.00,0.00,0.00,0.00,0.00,0.00,1.00,0.00,0.00,0.00,0.00,0.00,1.00,20.42,0.25
NT2_2022,Luna CL,20.42,4.07,"2,022.00",6.00,6.00,crop_protection,herbicide,sprayer,Methyl oleate + methyl palmitate,Dash HC,0.16,kg/ha,0.04,kg/t,2–3 leaves,0.00,0.00,0.00,0.00,0.00,0.00,1.00,0.00,0.00,0.00,0.00,0.00,1.00,20.42,0.25
NT2_2023,PVL 136 IT,20.19,7.306,"2,023.00",5.00,1.00,crop_protection,Herbicide,sprayer,Glyphosate,Touchdown,1.50,kg/ha,0.21,kg/t,Pre-Sowing,,,,1,,,1,,,,,,1.00,20.19,0.14
NT2_2023,PVL 136 IT,20.19,7.306,"2,023.00",5.00,1.00,crop_protection,Herbicide,sprayer,Sodium lauryl ether diglycol sulfate,Biopower,0.14,kg/ha,0.02,kg/t,Pre-Sowing,,,,,,,,,,,,,1.00,20.19,0.14
NT2_2023,PVL 136 IT,20.19,7.306,"2,023.00",5.00,1.00,crop_protection,Herbicide,sprayer,Clomazona ,Centium,0.36,kg/ha,0.05,kg/t,Pre-emergence,1,,,1,,,,,,,,,1.00,20.19,0.14
NT2_2023,PVL 136 IT,20.19,7.306,"2,023.00",5.00,1.00,crop_protection,Herbicide,sprayer,Cycloxydim,Verresta,0.25,kg/ha,0.03,kg/t,2–3 leaves,1,,,1,,,,,,,,,1.00,20.19,0.14
NT2_2023,PVL 136 IT,20.19,7.306,"2,023.00",5.00,1.00,crop_protection,Herbicide,sprayer,Florpyrauxifen-benzyl,Loyant,0.03,kg/ha,0.00,kg/t,2–3 leaves,,,,,,1,,,,,,,1.00,20.19,0.14
NT2_2023,PVL 136 IT,20.19,7.306,"2,023.00",5.00,1.00,crop_protection,Herbicide,sprayer,Methyl oleate + methyl palmitate,Dash HC,0.16,kg/ha,0.02,kg/t,2–3 leaves,1,,,,,,,,,,,,1.00,20.19,0.14
NT2_2023,PVL 136 IT,20.19,7.306,"2,023.00",5.00,1.00,crop_protection,Herbicide,sprayer,Cycloxydim,Verresta,0.25,kg/ha,0.03,kg/t,2–3 leaves,1,,,1,,,,,,,,,1.00,20.19,0.14
NT2_2023,PVL 136 IT,20.19,7.306,"2,023.00",5.00,1.00,crop_protection,Herbicide,sprayer,Florpyrauxifen-benzyl,Loyant,0.03,kg/ha,0.00,kg/t,2–3 leaves,,,,,,1,,,,,,,1.00,20.19,0.14
NT2_2023,PVL 136 IT,20.190,7.306,"2,023.00",5.00,1.00,crop_protection,Herbicide,sprayer,Methyl oleate + methyl palmitate,Dash HC,0.16,kg/ha,0.02,kg/t,2–3 leaves,,,,,,,1,,,,,,1.00,20.19,0.14
NT2_2024,PVL 136 IT,20.190,4.766,"2,023.00",5.00,10.00,crop_protection,Herbicide,sprayer,Cycloxydim,Verresta,0.25,kg/ha,0.05,kg/t,2–3 leaves,1,,,1,,,,,,,,,1.00,20.19,0.21
NT2_2024,PVL 136 IT,20.190,4.766,"2,023.00",5.00,10.00,crop_protection,Herbicide,sprayer,Florpyrauxifen-benzyl,Loyant,0.03,kg/ha,0.01,kg/t,2–3 leaves,,,,,,1,,,,,,,1.00,20.19,0.21
NT2_2024,PVL 136 IT,20.190,4.766,"2,023.00",5.00,10.00,crop_protection,Herbicide,sprayer,Methyl oleate + methyl palmitate,Dash HC,0.16,kg/ha,0.03,kg/t,2–3 leaves,1,,,,,,,,,,,,1.00,20.19,0.21
NT2_2024,PVL 136 IT,20.190,4.766,"2,023.00",5.00,10.00,crop_protection,Herbicide,sprayer,Cycloxydim,Verresta,0.25,kg/ha,0.05,kg/t,2–3 leaves,1,,,1,,,,,,,,,1.00,20.19,0.21
NT2_2024,PVL 136 IT,20.190,4.766,"2,023.00",5.00,10.00,crop_protection,Herbicide,sprayer,Florpyrauxifen-benzyl,Loyant,0.03,kg/ha,0.01,kg/t,2–3 leaves,,,,,,1,,,,,,,1.00,20.19,0.21
NT2_2024,PVL 136 IT,20.190,4.766,"2,023.00",5.00,10.00,crop_protection,Herbicide,sprayer,Methyl oleate + methyl palmitate,Dash HC,0.16,kg/ha,0.03,kg/t,2–3 leaves,1,,,,,,,,,,,,1.00,20.19,0.21